{
  "$schema": "https://developer.microsoft.com/json-schemas/fabric/item/report/definition/visualContainer/2.5.0/schema.json",
  "name": "3457e13d03cf5e52b992",
  "position": {
    "x": 893.23275862068965,
    "y": 533.36206896551732,
    "z": 3000,
    "height": 245.86206896551727,
    "width": 386.63793103448279,
    "tabOrder": 4000
  },
  "visual": {
    "visualType": "clusteredBarChart",
    "query": {
      "queryState": {
        "Category": {
          "projections": [
            {
              "field": {
                "Column": {
                  "Expression": {
                    "SourceRef": {
                      "Entity": "JOB_RUN_LOG_SUMMARY"
                    }
                  },
                  "Property": "JOB_NAME"
                }
              },
              "queryRef": "JOB_RUN_LOG_SUMMARY.JOB_NAME",
              "nativeQueryRef": "Job Name",
              "active": true,
              "displayName": "Job Name"
            }
          ]
        },
        "Y": {
          "projections": [
            {
              "field": {
                "Aggregation": {
                  "Expression": {
                    "Column": {
                      "Expression": {
                        "SourceRef": {
                          "Entity": "JOB_RUN_LOG_SUMMARY"
                        }
                      },
                      "Property": "Load Time in Secs"
                    }
                  },
                  "Function": 0
                }
              },
              "queryRef": "Sum(JOB_RUN_LOG_SUMMARY.Load Time in Secs)",
              "nativeQueryRef": "Load Time in Secs",
              "displayName": "Load Time in Secs"
            }
          ]
        }
      },
      "sortDefinition": {
        "sort": [
          {
            "field": {
              "Aggregation": {
                "Expression": {
                  "Column": {
                    "Expression": {
                      "SourceRef": {
                        "Entity": "JOB_RUN_LOG_SUMMARY"
                      }
                    },
                    "Property": "Load Time in Secs"
                  }
                },
                "Function": 0
              }
            },
            "direction": "Descending"
          }
        ],
        "isDefaultSort": true
      }
    },
    "objects": {
      "categoryAxis": [
        {
          "properties": {
            "showAxisTitle": {
              "expr": {
                "Literal": {
                  "Value": "false"
                }
              }
            },
            "labelColor": {
              "solid": {
                "color": {
                  "expr": {
                    "ThemeDataColor": {
                      "ColorId": 1,
                      "Percent": 0
                    }
                  }
                }
              }
            },
            "maxMarginFactor": {
              "expr": {
                "Literal": {
                  "Value": "44L"
                }
              }
            },
            "concatenateLabels": {
              "expr": {
                "Literal": {
                  "Value": "false"
                }
              }
            },
            "fontSize": {
              "expr": {
                "Literal": {
                  "Value": "10D"
                }
              }
            },
            "preferredCategoryWidth": {
              "expr": {
                "Literal": {
                  "Value": "20D"
                }
              }
            }
          }
        }
      ],
      "valueAxis": [
        {
          "properties": {
            "showAxisTitle": {
              "expr": {
                "Literal": {
                  "Value": "false"
                }
              }
            },
            "show": {
              "expr": {
                "Literal": {
                  "Value": "false"
                }
              }
            },
            "gridlineShow": {
              "expr": {
                "Literal": {
                  "Value": "false"
                }
              }
            },
            "labelColor": {
              "solid": {
                "color": {
                  "expr": {
                    "ThemeDataColor": {
                      "ColorId": 1,
                      "Percent": 0
                    }
                  }
                }
              }
            },
            "labelDisplayUnits": {
              "expr": {
                "Literal": {
                  "Value": "1D"
                }
              }
            }
          }
        }
      ],
      "labels": [
        {
          "properties": {
            "show": {
              "expr": {
                "Literal": {
                  "Value": "true"
                }
              }
            },
            "labelDisplayUnits": {
              "expr": {
                "Literal": {
                  "Value": "1D"
                }
              }
            },
            "labelPrecision": {
              "expr": {
                "Literal": {
                  "Value": "0L"
                }
              }
            },
            "labelPosition": {
              "expr": {
                "Literal": {
                  "Value": "'InsideEnd'"
                }
              }
            }
          }
        }
      ]
    },
    "visualContainerObjects": {
      "title": [
        {
          "properties": {
            "text": {
              "expr": {
                "Literal": {
                  "Value": "'Top 5 Long Running Jobs in Secs'"
                }
              }
            },
            "fontSize": {
              "expr": {
                "Literal": {
                  "Value": "12D"
                }
              }
            },
            "alignment": {
              "expr": {
                "Literal": {
                  "Value": "'center'"
                }
              }
            }
          }
        }
      ],
      "background": [
        {
          "properties": {
            "show": {
              "expr": {
                "Literal": {
                  "Value": "false"
                }
              }
            }
          }
        }
      ],
      "padding": [
        {
          "properties": {
            "right": {
              "expr": {
                "Literal": {
                  "Value": "0D"
                }
              }
            },
            "left": {
              "expr": {
                "Literal": {
                  "Value": "2D"
                }
              }
            },
            "bottom": {
              "expr": {
                "Literal": {
                  "Value": "3D"
                }
              }
            }
          }
        }
      ],
      "divider": [
        {
          "properties": {
            "show": {
              "expr": {
                "Literal": {
                  "Value": "false"
                }
              }
            }
          }
        }
      ]
    },
    "drillFilterOtherVisuals": true
  },
  "filterConfig": {
    "filters": [
      {
        "name": "Filtere9fdf008779ffb479eef",
        "field": {
          "Column": {
            "Expression": {
              "SourceRef": {
                "Entity": "JOB_RUN_LOG_SUMMARY"
              }
            },
            "Property": "JOB_NAME"
          }
        },
        "type": "TopN",
        "filter": {
          "Version": 2,
          "From": [
            {
              "Name": "subquery",
              "Expression": {
                "Subquery": {
                  "Query": {
                    "Version": 2,
                    "From": [
                      {
                        "Name": "j",
                        "Entity": "JOB_RUN_LOG_SUMMARY",
                        "Type": 0
                      }
                    ],
                    "Select": [
                      {
                        "Column": {
                          "Expression": {
                            "SourceRef": {
                              "Source": "j"
                            }
                          },
                          "Property": "JOB_NAME"
                        },
                        "Name": "field"
                      }
                    ],
                    "OrderBy": [
                      {
                        "Direction": 2,
                        "Expression": {
                          "Aggregation": {
                            "Expression": {
                              "Column": {
                                "Expression": {
                                  "SourceRef": {
                                    "Source": "j"
                                  }
                                },
                                "Property": "Load Time in Secs"
                              }
                            },
                            "Function": 0
                          }
                        }
                      }
                    ],
                    "Top": 5
                  }
                }
              },
              "Type": 2
            },
            {
              "Name": "j",
              "Entity": "JOB_RUN_LOG_SUMMARY",
              "Type": 0
            }
          ],
          "Where": [
            {
              "Condition": {
                "In": {
                  "Expressions": [
                    {
                      "Column": {
                        "Expression": {
                          "SourceRef": {
                            "Source": "j"
                          }
                        },
                        "Property": "JOB_NAME"
                      }
                    }
                  ],
                  "Table": {
                    "SourceRef": {
                      "Source": "subquery"
                    }
                  }
                }
              }
            }
          ]
        },
        "isHiddenInViewMode": true
      },
      {
        "name": "Filtere9054961f5bd16a8f474",
        "field": {
          "Column": {
            "Expression": {
              "SourceRef": {
                "Entity": "JOB_RUN_LOG_SUMMARY"
              }
            },
            "Property": "JOB_STATUS"
          }
        },
        "type": "Categorical",
        "filter": {
          "Version": 2,
          "From": [
            {
              "Name": "j",
              "Entity": "JOB_RUN_LOG_SUMMARY",
              "Type": 0
            }
          ],
          "Where": [
            {
              "Condition": {
                "In": {
                  "Expressions": [
                    {
                      "Column": {
                        "Expression": {
                          "SourceRef": {
                            "Source": "j"
                          }
                        },
                        "Property": "JOB_STATUS"
                      }
                    }
                  ],
                  "Values": [
                    [
                      {
                        "Literal": {
                          "Value": "'SUCCESS'"
                        }
                      }
                    ],
                    [
                      {
                        "Literal": {
                          "Value": "'FAILED'"
                        }
                      }
                    ]
                  ]
                }
              }
            }
          ]
        },
        "howCreated": "User",
        "isHiddenInViewMode": true
      },
      {
        "name": "Filterd1746768b0911e302766",
        "field": {
          "Aggregation": {
            "Expression": {
              "Column": {
                "Expression": {
                  "SourceRef": {
                    "Entity": "JOB_RUN_LOG_SUMMARY"
                  }
                },
                "Property": "Load Time in Secs"
              }
            },
            "Function": 0
          }
        },
        "type": "Advanced",
        "isHiddenInViewMode": true
      }
    ]
  }
}