{
  "$schema": "https://developer.microsoft.com/json-schemas/fabric/item/report/definition/page/2.0.0/schema.json",
  "name": "ReportSection9efc05d4dc636bef00c1",
  "displayName": "Consumption Observability",
  "displayOption": "FitToPage",
  "height": 805,
  "width": 1280,
  "pageBinding": {
    "name": "Pod3",
    "type": "Default",
    "parameters": [],
    "referenceScope": "CrossReport"
  },
  "objects": {
    "outspace": [
      {
        "properties": {
          "image": {
            "image": {
              "name": {
                "expr": {
                  "Literal": {
                    "Value": "''"
                  }
                }
              },
              "url": {
                "expr": {
                  "Literal": {
                    "Value": "''"
                  }
                }
              }
            }
          }
        }
      }
    ],
    "background": [
      {
        "properties": {
          "image": {
            "image": {
              "name": {
                "expr": {
                  "Literal": {
                    "Value": "'OBS Layout 2OBS.svg'"
                  }
                }
              },
              "url": {
                "expr": {
                  "ResourcePackageItem": {
                    "PackageName": "RegisteredResources",
                    "PackageType": 1,
                    "ItemName": "OBS_Layout_2OBS2525857522018433.svg"
                  }
                }
              },
              "scaling": {
                "expr": {
                  "Literal": {
                    "Value": "'Normal'"
                  }
                }
              }
            }
          }
        }
      }
    ]
  },
  "visualInteractions": [
    {
      "source": "301d3ef4c0dfe3d39cff",
      "target": "40f7c848f253ef7410fc",
      "type": "DataFilter"
    },
    {
      "source": "301d3ef4c0dfe3d39cff",
      "target": "a67bc0dad5d577a15e85",
      "type": "DataFilter"
    },
    {
      "source": "497b02638d5ae001425b",
      "target": "40f7c848f253ef7410fc",
      "type": "DataFilter"
    },
    {
      "source": "497b02638d5ae001425b",
      "target": "a67bc0dad5d577a15e85",
      "type": "DataFilter"
    },
    {
      "source": "497b02638d5ae001425b",
      "target": "301d3ef4c0dfe3d39cff",
      "type": "DataFilter"
    },
    {
      "source": "40f7c848f253ef7410fc",
      "target": "497b02638d5ae001425b",
      "type": "DataFilter"
    },
    {
      "source": "40f7c848f253ef7410fc",
      "target": "a67bc0dad5d577a15e85",
      "type": "DataFilter"
    },
    {
      "source": "a67bc0dad5d577a15e85",
      "target": "40f7c848f253ef7410fc",
      "type": "DataFilter"
    },
    {
      "source": "a67bc0dad5d577a15e85",
      "target": "497b02638d5ae001425b",
      "type": "DataFilter"
    },
    {
      "source": "301d3ef4c0dfe3d39cff",
      "target": "497b02638d5ae001425b",
      "type": "DataFilter"
    }
  ]
}