{
  "$schema": "https://developer.microsoft.com/json-schemas/fabric/item/report/definition/visualContainer/2.5.0/schema.json",
  "name": "b5fadd8537cc06c2cc43",
  "position": {
    "x": 961.17000000000007,
    "y": 4.83,
    "z": 35000,
    "height": 57.960000000000008,
    "width": 275.31,
    "tabOrder": 35000
  },
  "visual": {
    "visualType": "slicer",
    "query": {
      "queryState": {
        "Values": {
          "projections": [
            {
              "field": {
                "Column": {
                  "Expression": {
                    "SourceRef": {
                      "Entity": "CLOUD_CREDIT_USAGE"
                    }
                  },
                  "Property": "START_TIME"
                }
              },
              "queryRef": "CLOUD_CREDIT_USAGE.START_TIME",
              "nativeQueryRef": "START_TIME",
              "active": true
            }
          ]
        }
      },
      "sortDefinition": {
        "isDefaultSort": true
      }
    },
    "objects": {
      "data": [
        {
          "properties": {
            "mode": {
              "expr": {
                "Literal": {
                  "Value": "'Between'"
                }
              }
            }
          }
        }
      ],
      "date": [
        {
          "properties": {
            "textSize": {
              "expr": {
                "Literal": {
                  "Value": "12D"
                }
              }
            }
          }
        }
      ]
    },
    "drillFilterOtherVisuals": true
  }
}