{
  "$schema": "https://developer.microsoft.com/json-schemas/fabric/item/report/definition/visualContainer/2.5.0/schema.json",
  "name": "2045ce02306865bc0c05",
  "position": {
    "x": 961.17000000000007,
    "y": 3.22,
    "z": 32000,
    "height": 56.35,
    "width": 278.53000000000003,
    "tabOrder": 32000
  },
  "visual": {
    "visualType": "slicer",
    "query": {
      "queryState": {
        "Values": {
          "projections": [
            {
              "field": {
                "Column": {
                  "Expression": {
                    "SourceRef": {
                      "Entity": "VW_DQ_RESULT_SUMMARY"
                    }
                  },
                  "Property": "DQ_RUN_DATE"
                }
              },
              "queryRef": "VW_DQ_RESULT_SUMMARY.DQ_RUN_DATE",
              "nativeQueryRef": "DQ_RUN_DATE",
              "active": true
            }
          ]
        }
      },
      "sortDefinition": {
        "isDefaultSort": true
      }
    },
    "objects": {
      "data": [
        {
          "properties": {
            "mode": {
              "expr": {
                "Literal": {
                  "Value": "'Between'"
                }
              }
            }
          }
        }
      ],
      "date": [
        {
          "properties": {
            "textSize": {
              "expr": {
                "Literal": {
                  "Value": "12D"
                }
              }
            }
          }
        }
      ]
    },
    "drillFilterOtherVisuals": true
  }
}