{
  "$schema": "https://developer.microsoft.com/json-schemas/fabric/item/report/definition/visualContainer/2.5.0/schema.json",
  "name": "f2a1c0535eac1543d170",
  "position": {
    "x": 241.50000000000003,
    "y": 74.06,
    "z": 4000,
    "height": 713.23,
    "width": 986.93000000000006,
    "tabOrder": 4000
  },
  "visual": {
    "visualType": "qnaVisual",
    "objects": {
      "hiddenProperties": [
        {
          "properties": {
            "savedUtterance": {
              "expr": {
                "Literal": {
                  "Value": "'what is the total queries by reported client type'"
                }
              }
            }
          }
        }
      ],
      "inputBox": [
        {
          "properties": {
            "questionFontColor": {
              "solid": {
                "color": {
                  "expr": {
                    "ThemeDataColor": {
                      "ColorId": 0,
                      "Percent": 0
                    }
                  }
                }
              }
            }
          }
        }
      ]
    },
    "drillFilterOtherVisuals": true
  }
}