{
  "$schema": "https://developer.microsoft.com/json-schemas/fabric/item/report/definition/page/2.0.0/schema.json",
  "name": "ReportSection8daa09263508e87d2cab",
  "displayName": "Q & A",
  "displayOption": "FitToPage",
  "height": 805,
  "width": 1280,
  "filterConfig": {
    "filters": [
      {
        "name": "Filter28d99e5344f8e19b02ef",
        "field": {
          "Column": {
            "Expression": {
              "SourceRef": {
                "Entity": "VW_DQ_RESULT_SUMMARY"
              }
            },
            "Property": "RULE_CATEGORY"
          }
        },
        "type": "Categorical",
        "howCreated": "User",
        "isHiddenInViewMode": true
      }
    ]
  },
  "pageBinding": {
    "name": "Pod4",
    "type": "Default",
    "parameters": [],
    "referenceScope": "CrossReport"
  },
  "objects": {
    "outspace": [
      {
        "properties": {
          "image": {
            "image": {
              "name": {
                "expr": {
                  "Literal": {
                    "Value": "''"
                  }
                }
              },
              "url": {
                "expr": {
                  "Literal": {
                    "Value": "''"
                  }
                }
              }
            }
          }
        }
      }
    ],
    "background": [
      {
        "properties": {
          "image": {
            "image": {
              "name": {
                "expr": {
                  "Literal": {
                    "Value": "'Q & AOBS.svg'"
                  }
                }
              },
              "url": {
                "expr": {
                  "ResourcePackageItem": {
                    "PackageName": "RegisteredResources",
                    "PackageType": 1,
                    "ItemName": "Q_&_AOBS463347220831291.svg"
                  }
                }
              },
              "scaling": {
                "expr": {
                  "Literal": {
                    "Value": "'Normal'"
                  }
                }
              }
            }
          },
          "color": {
            "solid": {
              "color": {
                "expr": {
                  "ThemeDataColor": {
                    "ColorId": 0,
                    "Percent": 0
                  }
                }
              }
            }
          },
          "transparency": {
            "expr": {
              "Literal": {
                "Value": "0D"
              }
            }
          }
        }
      }
    ],
    "outspacePane": [
      {
        "properties": {
          "width": {
            "expr": {
              "Literal": {
                "Value": "203L"
              }
            }
          }
        }
      }
    ]
  },
  "visibility": "HiddenInViewMode"
}