{
  "$schema": "https://developer.microsoft.com/json-schemas/fabric/item/report/definition/visualContainer/2.5.0/schema.json",
  "name": "5b6d7e2d8101f7a44458",
  "position": {
    "x": 1136.6666666666667,
    "y": 120,
    "z": 15000,
    "height": 33.333333333333336,
    "width": 113.33333333333334,
    "tabOrder": 15000
  },
  "visual": {
    "visualType": "card",
    "query": {
      "queryState": {
        "Values": {
          "projections": [
            {
              "field": {
                "Measure": {
                  "Expression": {
                    "SourceRef": {
                      "Entity": "CLOUD_CREDIT_USAGE"
                    }
                  },
                  "Property": "Compute Cost"
                }
              },
              "queryRef": "CLOUD_CREDIT_USAGE.Compute Cost",
              "nativeQueryRef": "Compute Cost"
            }
          ]
        }
      },
      "sortDefinition": {
        "sort": [
          {
            "field": {
              "Measure": {
                "Expression": {
                  "SourceRef": {
                    "Entity": "CLOUD_CREDIT_USAGE"
                  }
                },
                "Property": "Compute Cost"
              }
            },
            "direction": "Descending"
          }
        ],
        "isDefaultSort": true
      }
    },
    "objects": {
      "categoryLabels": [
        {
          "properties": {
            "color": {
              "solid": {
                "color": {
                  "expr": {
                    "ThemeDataColor": {
                      "ColorId": 0,
                      "Percent": -0.3
                    }
                  }
                }
              }
            },
            "show": {
              "expr": {
                "Literal": {
                  "Value": "false"
                }
              }
            }
          }
        }
      ],
      "labels": [
        {
          "properties": {
            "fontSize": {
              "expr": {
                "Literal": {
                  "Value": "17D"
                }
              }
            },
            "color": {
              "solid": {
                "color": {
                  "expr": {
                    "FillRule": {
                      "Input": {
                        "Measure": {
                          "Expression": {
                            "SourceRef": {
                              "Entity": "CLOUD_CREDIT_USAGE"
                            }
                          },
                          "Property": "Hide Matillion"
                        }
                      },
                      "FillRule": {
                        "linearGradient2": {
                          "min": {
                            "color": {
                              "Literal": {
                                "Value": "'#FFFFFF'"
                              }
                            },
                            "value": {
                              "Literal": {
                                "Value": "0D"
                              }
                            }
                          },
                          "max": {
                            "color": {
                              "Literal": {
                                "Value": "'#05AFF2'"
                              }
                            },
                            "value": {
                              "Literal": {
                                "Value": "1D"
                              }
                            }
                          },
                          "nullColoringStrategy": {
                            "strategy": {
                              "Literal": {
                                "Value": "'asZero'"
                              }
                            }
                          }
                        }
                      }
                    }
                  }
                }
              }
            },
            "bold": {
              "expr": {
                "Literal": {
                  "Value": "true"
                }
              }
            },
            "fontFamily": {
              "expr": {
                "Literal": {
                  "Value": "'''Segoe UI'', wf_segoe-ui_normal, helvetica, arial, sans-serif'"
                }
              }
            }
          }
        }
      ]
    },
    "visualContainerObjects": {
      "border": [
        {
          "properties": {
            "show": {
              "expr": {
                "Literal": {
                  "Value": "false"
                }
              }
            },
            "color": {
              "solid": {
                "color": {
                  "expr": {
                    "ThemeDataColor": {
                      "ColorId": 0,
                      "Percent": -0.2
                    }
                  }
                }
              }
            }
          }
        }
      ],
      "background": [
        {
          "properties": {
            "show": {
              "expr": {
                "Literal": {
                  "Value": "false"
                }
              }
            }
          }
        }
      ]
    },
    "drillFilterOtherVisuals": true
  },
  "filterConfig": {
    "filters": [
      {
        "name": "Filter6802a1bdd651c28d3b31",
        "field": {
          "Measure": {
            "Expression": {
              "SourceRef": {
                "Entity": "CLOUD_CREDIT_USAGE"
              }
            },
            "Property": "Compute Cost"
          }
        },
        "type": "Advanced",
        "isHiddenInViewMode": true
      }
    ]
  }
}