{
  "$schema": "https://developer.microsoft.com/json-schemas/fabric/item/report/definition/page/2.0.0/schema.json",
  "name": "ReportSection373a237b7f4c8bede0f3",
  "displayName": "Credit Usage and Cost",
  "displayOption": "ActualSize",
  "height": 240,
  "width": 320,
  "objects": {
    "outspacePane": [
      {
        "properties": {
          "width": {
            "expr": {
              "Literal": {
                "Value": "254L"
              }
            }
          }
        }
      }
    ],
    "background": [
      {
        "properties": {
          "color": {
            "solid": {
              "color": {
                "expr": {
                  "ThemeDataColor": {
                    "ColorId": 0,
                    "Percent": 0
                  }
                }
              }
            }
          }
        }
      }
    ]
  },
  "visibility": "HiddenInViewMode",
  "type": "Tooltip"
}