{
  "$schema": "https://developer.microsoft.com/json-schemas/fabric/item/report/definition/visualContainer/2.5.0/schema.json",
  "name": "2028791bbba39a02bd71",
  "position": {
    "x": 463.84853727967754,
    "y": 16.428571428527718,
    "z": 23000,
    "height": 34.285714285714285,
    "width": 78.571428571428569,
    "tabOrder": 23000
  },
  "visual": {
    "visualType": "textbox",
    "objects": {
      "general": [
        {
          "properties": {
            "paragraphs": [
              {
                "textRuns": [
                  {
                    "value": "Platform",
                    "textStyle": {
                      "fontFamily": "Candara",
                      "fontSize": "12pt",
                      "color": "#0483b6"
                    }
                  }
                ]
              }
            ]
          }
        }
      ]
    },
    "visualContainerObjects": {
      "background": [
        {
          "properties": {
            "show": {
              "expr": {
                "Literal": {
                  "Value": "false"
                }
              }
            }
          }
        }
      ]
    },
    "drillFilterOtherVisuals": true
  }
}