{
  "$schema": "https://developer.microsoft.com/json-schemas/fabric/item/report/definition/page/2.0.0/schema.json",
  "name": "ReportSection1ba9c2b087df4d1827ed",
  "displayName": "User Details",
  "displayOption": "FitToPage",
  "height": 720,
  "width": 1280,
  "filterConfig": {
    "filters": [
      {
        "name": "Filter86ccaab84aacc181e306",
        "field": {
          "Column": {
            "Expression": {
              "SourceRef": {
                "Entity": "CLOUD_QUERY_HISTORY"
              }
            },
            "Property": "USER_NAME"
          }
        },
        "type": "Categorical",
        "howCreated": "Drillthrough"
      },
      {
        "name": "Filterb1123f0eac583dff8184",
        "field": {
          "Column": {
            "Expression": {
              "SourceRef": {
                "Entity": "CLOUD_USER_CONSUMPTION"
              }
            },
            "Property": "USER_NAME"
          }
        },
        "type": "Categorical",
        "filter": {
          "Version": 2,
          "From": [
            {
              "Name": "c",
              "Entity": "CLOUD_USER_CONSUMPTION",
              "Type": 0
            }
          ],
          "Where": [
            {
              "Condition": {
                "In": {
                  "Expressions": [
                    {
                      "Column": {
                        "Expression": {
                          "SourceRef": {
                            "Source": "c"
                          }
                        },
                        "Property": "USER_NAME"
                      }
                    }
                  ],
                  "Values": [
                    [
                      {
                        "Literal": {
                          "Value": "'DIADMIN'"
                        }
                      }
                    ]
                  ]
                }
              }
            }
          ]
        },
        "howCreated": "Drillthrough"
      }
    ]
  },
  "pageBinding": {
    "name": "Pod1",
    "type": "Drillthrough",
    "parameters": [
      {
        "name": "Param_Filter86ccaab84aacc181e306",
        "boundFilter": "Filter86ccaab84aacc181e306",
        "fieldExpr": {
          "Column": {
            "Expression": {
              "SourceRef": {
                "Entity": "CLOUD_QUERY_HISTORY"
              }
            },
            "Property": "USER_NAME"
          }
        }
      },
      {
        "name": "Param_Filterb1123f0eac583dff8184",
        "boundFilter": "Filterb1123f0eac583dff8184",
        "fieldExpr": {
          "Column": {
            "Expression": {
              "SourceRef": {
                "Entity": "CLOUD_USER_CONSUMPTION"
              }
            },
            "Property": "USER_NAME"
          }
        }
      }
    ]
  },
  "visibility": "HiddenInViewMode"
}