{
  "$schema": "https://developer.microsoft.com/json-schemas/fabric/item/report/definition/page/2.0.0/schema.json",
  "name": "ReportSectiondf8e4d836320861142a7",
  "displayName": "Result_Summary_Details",
  "displayOption": "FitToPage",
  "height": 720,
  "width": 1280,
  "filterConfig": {
    "filters": [
      {
        "name": "Filter3b07dbd0629517d91281",
        "field": {
          "Column": {
            "Expression": {
              "SourceRef": {
                "Entity": "VW_DQ_RESULT_SUMMARY"
              }
            },
            "Property": "Table Name"
          }
        },
        "type": "Categorical",
        "filter": {
          "Version": 2,
          "From": [
            {
              "Name": "v",
              "Entity": "VW_DQ_RESULT_SUMMARY",
              "Type": 0
            }
          ],
          "Where": [
            {
              "Condition": {
                "In": {
                  "Expressions": [
                    {
                      "Column": {
                        "Expression": {
                          "SourceRef": {
                            "Source": "v"
                          }
                        },
                        "Property": "Table Name"
                      }
                    }
                  ],
                  "Values": [
                    [
                      {
                        "Literal": {
                          "Value": "'EMPLOYEE'"
                        }
                      }
                    ]
                  ]
                }
              }
            }
          ]
        },
        "howCreated": "Drillthrough"
      }
    ]
  },
  "pageBinding": {
    "name": "Pod8",
    "type": "Drillthrough",
    "parameters": [
      {
        "name": "Param_Filter3b07dbd0629517d91281",
        "boundFilter": "Filter3b07dbd0629517d91281",
        "fieldExpr": {
          "Column": {
            "Expression": {
              "SourceRef": {
                "Entity": "VW_DQ_RESULT_SUMMARY"
              }
            },
            "Property": "Table Name"
          }
        }
      }
    ]
  },
  "visibility": "HiddenInViewMode"
}