{
  "$schema": "https://developer.microsoft.com/json-schemas/fabric/item/report/definition/visualContainer/2.5.0/schema.json",
  "name": "bd25793371ba2e3c105f",
  "position": {
    "x": 308.92857142857139,
    "y": 99.999999999999986,
    "z": 11000,
    "height": 80.357142857142847,
    "width": 166.07142857142856,
    "tabOrder": 11000
  },
  "visual": {
    "visualType": "card",
    "query": {
      "queryState": {
        "Values": {
          "projections": [
            {
              "field": {
                "Measure": {
                  "Expression": {
                    "SourceRef": {
                      "Entity": "CLOUD_CREDIT_USAGE"
                    }
                  },
                  "Property": "Total Warehouse_Cloud_Credit_Usage"
                }
              },
              "queryRef": "CLOUD_CREDIT_USAGE.Total Warehouse_Cloud_Credit_Usage",
              "nativeQueryRef": "Total Warehouse_Cloud_Credit_Usage"
            }
          ]
        }
      },
      "sortDefinition": {
        "sort": [
          {
            "field": {
              "Measure": {
                "Expression": {
                  "SourceRef": {
                    "Entity": "CLOUD_CREDIT_USAGE"
                  }
                },
                "Property": "Total Warehouse_Cloud_Credit_Usage"
              }
            },
            "direction": "Descending"
          }
        ],
        "isDefaultSort": true
      }
    },
    "objects": {
      "categoryLabels": [
        {
          "properties": {
            "color": {
              "solid": {
                "color": {
                  "expr": {
                    "ThemeDataColor": {
                      "ColorId": 0,
                      "Percent": -0.3
                    }
                  }
                }
              }
            },
            "show": {
              "expr": {
                "Literal": {
                  "Value": "false"
                }
              }
            }
          }
        }
      ],
      "labels": [
        {
          "properties": {
            "fontSize": {
              "expr": {
                "Literal": {
                  "Value": "17D"
                }
              }
            },
            "color": {
              "solid": {
                "color": {
                  "expr": {
                    "FillRule": {
                      "Input": {
                        "Measure": {
                          "Expression": {
                            "SourceRef": {
                              "Entity": "CLOUD_CREDIT_USAGE"
                            }
                          },
                          "Property": "Hide Matillion"
                        }
                      },
                      "FillRule": {
                        "linearGradient2": {
                          "min": {
                            "color": {
                              "Literal": {
                                "Value": "'#05AFF2'"
                              }
                            },
                            "value": {
                              "Literal": {
                                "Value": "0D"
                              }
                            }
                          },
                          "max": {
                            "color": {
                              "Literal": {
                                "Value": "'#FFFFFF'"
                              }
                            },
                            "value": {
                              "Literal": {
                                "Value": "1D"
                              }
                            }
                          },
                          "nullColoringStrategy": {
                            "strategy": {
                              "Literal": {
                                "Value": "'specificColor'"
                              }
                            },
                            "color": {
                              "Literal": {
                                "Value": "'#FFFFFF'"
                              }
                            }
                          }
                        }
                      }
                    }
                  }
                }
              }
            },
            "bold": {
              "expr": {
                "Literal": {
                  "Value": "true"
                }
              }
            }
          }
        }
      ]
    },
    "visualContainerObjects": {
      "border": [
        {
          "properties": {
            "show": {
              "expr": {
                "Literal": {
                  "Value": "false"
                }
              }
            },
            "color": {
              "solid": {
                "color": {
                  "expr": {
                    "ThemeDataColor": {
                      "ColorId": 0,
                      "Percent": -0.2
                    }
                  }
                }
              }
            }
          }
        }
      ],
      "background": [
        {
          "properties": {
            "show": {
              "expr": {
                "Literal": {
                  "Value": "false"
                }
              }
            }
          }
        }
      ],
      "visualTooltip": [
        {
          "properties": {
            "show": {
              "expr": {
                "Literal": {
                  "Value": "false"
                }
              }
            },
            "section": {
              "expr": {
                "Literal": {
                  "Value": "'ReportSection43ebde870cc8ad434db8'"
                }
              }
            }
          }
        }
      ]
    },
    "drillFilterOtherVisuals": true
  },
  "filterConfig": {
    "filters": [
      {
        "name": "Filter37369a777e8b2f6c5351",
        "field": {
          "Measure": {
            "Expression": {
              "SourceRef": {
                "Entity": "CLOUD_CREDIT_USAGE"
              }
            },
            "Property": "Total Warehouse_Cloud_Credit_Usage"
          }
        },
        "type": "Advanced",
        "isHiddenInViewMode": true
      },
      {
        "name": "Filterc3c0d0d660e5bb3bd66c",
        "field": {
          "Measure": {
            "Expression": {
              "SourceRef": {
                "Entity": "CLOUD_CREDIT_USAGE"
              }
            },
            "Property": "Hide Matillion"
          }
        },
        "type": "Advanced",
        "howCreated": "User"
      }
    ]
  }
}