{
  "$schema": "https://developer.microsoft.com/json-schemas/fabric/item/report/definition/visualContainer/2.5.0/schema.json",
  "name": "301d3ef4c0dfe3d39cff",
  "position": {
    "x": 881.66666666666674,
    "y": 493.33333333333337,
    "z": 23000,
    "height": 277,
    "width": 380,
    "tabOrder": 23000
  },
  "visual": {
    "visualType": "scatterChart",
    "query": {
      "queryState": {
        "Category": {
          "projections": [
            {
              "field": {
                "Column": {
                  "Expression": {
                    "SourceRef": {
                      "Entity": "CLOUD_QUERY_HISTORY"
                    }
                  },
                  "Property": "DATABASE_NAME"
                }
              },
              "queryRef": "CLOUD_QUERY_HISTORY.DATABASE_NAME",
              "nativeQueryRef": "Database Name",
              "active": true,
              "displayName": "Database Name"
            }
          ]
        },
        "X": {
          "projections": [
            {
              "field": {
                "Measure": {
                  "Expression": {
                    "SourceRef": {
                      "Entity": "CLOUD_QUERY_HISTORY"
                    }
                  },
                  "Property": "Total Queries"
                }
              },
              "queryRef": "CLOUD_QUERY_HISTORY.Total Queries",
              "nativeQueryRef": "Total Queries",
              "active": true
            }
          ]
        },
        "Y": {
          "projections": [
            {
              "field": {
                "Aggregation": {
                  "Expression": {
                    "Column": {
                      "Expression": {
                        "SourceRef": {
                          "Entity": "CLOUD_QUERY_HISTORY"
                        }
                      },
                      "Property": "Load Time"
                    }
                  },
                  "Function": 0
                }
              },
              "queryRef": "Sum(CLOUD_QUERY_HISTORY.Load Time)",
              "nativeQueryRef": "Load Time (Mins)",
              "displayName": "Load Time (Mins)"
            }
          ]
        }
      }
    },
    "objects": {
      "categoryAxis": [
        {
          "properties": {
            "showAxisTitle": {
              "expr": {
                "Literal": {
                  "Value": "true"
                }
              }
            },
            "labelColor": {
              "solid": {
                "color": {
                  "expr": {
                    "ThemeDataColor": {
                      "ColorId": 1,
                      "Percent": 0
                    }
                  }
                }
              }
            },
            "fontSize": {
              "expr": {
                "Literal": {
                  "Value": "10D"
                }
              }
            },
            "preferredCategoryWidth": {
              "expr": {
                "Literal": {
                  "Value": "20D"
                }
              }
            },
            "maxMarginFactor": {
              "expr": {
                "Literal": {
                  "Value": "44L"
                }
              }
            },
            "treatNullsAsZero": {
              "expr": {
                "Literal": {
                  "Value": "false"
                }
              }
            }
          }
        }
      ],
      "valueAxis": [
        {
          "properties": {
            "show": {
              "expr": {
                "Literal": {
                  "Value": "true"
                }
              }
            },
            "showAxisTitle": {
              "expr": {
                "Literal": {
                  "Value": "true"
                }
              }
            },
            "gridlineShow": {
              "expr": {
                "Literal": {
                  "Value": "false"
                }
              }
            },
            "labelColor": {
              "solid": {
                "color": {
                  "expr": {
                    "ThemeDataColor": {
                      "ColorId": 1,
                      "Percent": 0
                    }
                  }
                }
              }
            }
          }
        }
      ],
      "categoryLabels": [
        {
          "properties": {
            "show": {
              "expr": {
                "Literal": {
                  "Value": "true"
                }
              }
            },
            "color": {
              "solid": {
                "color": {
                  "expr": {
                    "ThemeDataColor": {
                      "ColorId": 1,
                      "Percent": 0
                    }
                  }
                }
              }
            }
          }
        }
      ],
      "bubbles": [
        {
          "properties": {
            "markerShape": {
              "expr": {
                "Literal": {
                  "Value": "'square'"
                }
              }
            }
          }
        }
      ]
    },
    "visualContainerObjects": {
      "title": [
        {
          "properties": {
            "titleWrap": {
              "expr": {
                "Literal": {
                  "Value": "true"
                }
              }
            },
            "fontSize": {
              "expr": {
                "Literal": {
                  "Value": "12D"
                }
              }
            },
            "text": {
              "expr": {
                "Literal": {
                  "Value": "'Total Queries & Load Time by Database'"
                }
              }
            },
            "alignment": {
              "expr": {
                "Literal": {
                  "Value": "'center'"
                }
              }
            }
          }
        }
      ],
      "divider": [
        {
          "properties": {
            "show": {
              "expr": {
                "Literal": {
                  "Value": "false"
                }
              }
            }
          }
        }
      ],
      "background": [
        {
          "properties": {
            "show": {
              "expr": {
                "Literal": {
                  "Value": "false"
                }
              }
            },
            "color": {
              "solid": {
                "color": {
                  "expr": {
                    "Literal": {
                      "Value": "'#F2F2F2'"
                    }
                  }
                }
              }
            },
            "transparency": {
              "expr": {
                "Literal": {
                  "Value": "0D"
                }
              }
            }
          }
        }
      ],
      "padding": [
        {
          "properties": {
            "bottom": {
              "expr": {
                "Literal": {
                  "Value": "3D"
                }
              }
            },
            "left": {
              "expr": {
                "Literal": {
                  "Value": "2D"
                }
              }
            },
            "right": {
              "expr": {
                "Literal": {
                  "Value": "0D"
                }
              }
            }
          }
        }
      ],
      "border": [
        {
          "properties": {
            "show": {
              "expr": {
                "Literal": {
                  "Value": "false"
                }
              }
            },
            "color": {
              "solid": {
                "color": {
                  "expr": {
                    "Literal": {
                      "Value": "'#CCCCCC'"
                    }
                  }
                }
              }
            }
          }
        }
      ],
      "visualHeader": [
        {
          "properties": {
            "background": {
              "solid": {
                "color": {
                  "expr": {
                    "Literal": {
                      "Value": "'#3a3a3a'"
                    }
                  }
                }
              }
            },
            "border": {
              "solid": {
                "color": {
                  "expr": {
                    "Literal": {
                      "Value": "'#3a3a3a'"
                    }
                  }
                }
              }
            },
            "foreground": {
              "solid": {
                "color": {
                  "expr": {
                    "Literal": {
                      "Value": "'#FFFFFF'"
                    }
                  }
                }
              }
            }
          }
        }
      ]
    },
    "drillFilterOtherVisuals": true
  },
  "filterConfig": {
    "filters": [
      {
        "name": "Filter78dacc916a5cbc4b7e95",
        "field": {
          "Column": {
            "Expression": {
              "SourceRef": {
                "Entity": "CLOUD_QUERY_HISTORY"
              }
            },
            "Property": "DATABASE_NAME"
          }
        },
        "type": "Advanced",
        "filter": {
          "Version": 2,
          "From": [
            {
              "Name": "c",
              "Entity": "CLOUD_QUERY_HISTORY",
              "Type": 0
            }
          ],
          "Where": [
            {
              "Condition": {
                "Not": {
                  "Expression": {
                    "Comparison": {
                      "ComparisonKind": 0,
                      "Left": {
                        "Column": {
                          "Expression": {
                            "SourceRef": {
                              "Source": "c"
                            }
                          },
                          "Property": "DATABASE_NAME"
                        }
                      },
                      "Right": {
                        "Literal": {
                          "Value": "null"
                        }
                      }
                    }
                  }
                }
              }
            }
          ]
        },
        "isHiddenInViewMode": true
      },
      {
        "name": "Filter6a3aebdcfda3bf5cb70b",
        "type": "Exclude",
        "filter": {
          "Version": 2,
          "From": [
            {
              "Name": "c",
              "Entity": "CLOUD_QUERY_HISTORY",
              "Type": 0
            }
          ],
          "Where": [
            {
              "Condition": {
                "Not": {
                  "Expression": {
                    "In": {
                      "Expressions": [
                        {
                          "Column": {
                            "Expression": {
                              "SourceRef": {
                                "Source": "c"
                              }
                            },
                            "Property": "DATABASE_NAME"
                          }
                        }
                      ],
                      "Values": [
                        [
                          {
                            "Literal": {
                              "Value": "'DM_DB'"
                            }
                          }
                        ]
                      ]
                    }
                  }
                }
              }
            }
          ]
        },
        "howCreated": "Exclude",
        "isHiddenInViewMode": true
      },
      {
        "name": "Filterd4720a254077a2c6061f",
        "field": {
          "Aggregation": {
            "Expression": {
              "Column": {
                "Expression": {
                  "SourceRef": {
                    "Entity": "CLOUD_QUERY_HISTORY"
                  }
                },
                "Property": "Load Time"
              }
            },
            "Function": 0
          }
        },
        "type": "Advanced",
        "isHiddenInViewMode": true
      },
      {
        "name": "Filter8b859d954c5e4bbec338",
        "field": {
          "Measure": {
            "Expression": {
              "SourceRef": {
                "Entity": "CLOUD_QUERY_HISTORY"
              }
            },
            "Property": "Total Queries"
          }
        },
        "type": "Advanced",
        "isHiddenInViewMode": true
      }
    ]
  }
}