{
  "$schema": "https://developer.microsoft.com/json-schemas/fabric/item/report/definition/visualContainer/2.5.0/schema.json",
  "name": "c890518ef72d686bd7dd",
  "position": {
    "x": 1021.6666666666667,
    "y": 78.333333333333343,
    "z": 8000,
    "height": 40,
    "width": 108.33333333333334,
    "tabOrder": 8000
  },
  "visual": {
    "visualType": "textbox",
    "objects": {
      "general": [
        {
          "properties": {
            "paragraphs": [
              {
                "textRuns": [
                  {
                    "value": "Service Cost",
                    "textStyle": {
                      "fontSize": "12pt",
                      "color": "#ffffff"
                    }
                  },
                  {
                    "value": "\t"
                  },
                  {
                    "value": " ",
                    "textStyle": {
                      "fontSize": "12pt",
                      "color": "#ffffff"
                    }
                  }
                ]
              }
            ]
          }
        }
      ]
    },
    "visualContainerObjects": {
      "background": [
        {
          "properties": {
            "show": {
              "expr": {
                "Literal": {
                  "Value": "false"
                }
              }
            }
          }
        }
      ]
    },
    "drillFilterOtherVisuals": true
  }
}