{
  "$schema": "https://developer.microsoft.com/json-schemas/fabric/item/report/definition/visualContainer/2.5.0/schema.json",
  "name": "8fc113cbeaf96823765d",
  "position": {
    "x": 647.22,
    "y": 462.07000000000005,
    "z": 10000,
    "height": 342.93,
    "width": 632.73,
    "tabOrder": 10000
  },
  "visual": {
    "visualType": "treemap",
    "query": {
      "queryState": {
        "Group": {
          "projections": [
            {
              "field": {
                "Column": {
                  "Expression": {
                    "SourceRef": {
                      "Entity": "VW_DQ_RESULT_SUMMARY"
                    }
                  },
                  "Property": "Table Name"
                }
              },
              "queryRef": "VW_DQ_RESULT_SUMMARY.Table Name",
              "nativeQueryRef": "Table Name",
              "active": true
            }
          ]
        },
        "Values": {
          "projections": [
            {
              "field": {
                "Aggregation": {
                  "Expression": {
                    "Column": {
                      "Expression": {
                        "SourceRef": {
                          "Entity": "VW_DQ_RESULT_SUMMARY"
                        }
                      },
                      "Property": "FAILED_RECORD_COUNT"
                    }
                  },
                  "Function": 0
                }
              },
              "queryRef": "Sum(VW_DQ_RESULT_SUMMARY.FAILED_RECORD_COUNT)",
              "nativeQueryRef": "Failed Records",
              "displayName": "Failed Records"
            }
          ]
        }
      },
      "sortDefinition": {
        "sort": [
          {
            "field": {
              "Aggregation": {
                "Expression": {
                  "Column": {
                    "Expression": {
                      "SourceRef": {
                        "Entity": "VW_DQ_RESULT_SUMMARY"
                      }
                    },
                    "Property": "PASS_RECORD_COUNT"
                  }
                },
                "Function": 0
              }
            },
            "direction": "Descending"
          }
        ]
      }
    },
    "objects": {
      "dataPoint": [
        {
          "properties": {
            "fill": {
              "solid": {
                "color": {
                  "expr": {
                    "ThemeDataColor": {
                      "ColorId": 2,
                      "Percent": -0.25
                    }
                  }
                }
              }
            }
          },
          "selector": {
            "data": [
              {
                "scopeId": {
                  "Comparison": {
                    "ComparisonKind": 0,
                    "Left": {
                      "Column": {
                        "Expression": {
                          "SourceRef": {
                            "Entity": "VW_DQ_RESULT_SUMMARY"
                          }
                        },
                        "Property": "Table Name"
                      }
                    },
                    "Right": {
                      "Literal": {
                        "Value": "'INFRA_PROJECTS'"
                      }
                    }
                  }
                }
              }
            ]
          }
        },
        {
          "properties": {
            "fill": {
              "solid": {
                "color": {
                  "expr": {
                    "ThemeDataColor": {
                      "ColorId": 2,
                      "Percent": 0.2
                    }
                  }
                }
              }
            }
          },
          "selector": {
            "data": [
              {
                "scopeId": {
                  "Comparison": {
                    "ComparisonKind": 0,
                    "Left": {
                      "Column": {
                        "Expression": {
                          "SourceRef": {
                            "Entity": "VW_DQ_RESULT_SUMMARY"
                          }
                        },
                        "Property": "Table Name"
                      }
                    },
                    "Right": {
                      "Literal": {
                        "Value": "'EMPLOYEE'"
                      }
                    }
                  }
                }
              }
            ]
          }
        },
        {
          "properties": {
            "fill": {
              "solid": {
                "color": {
                  "expr": {
                    "ThemeDataColor": {
                      "ColorId": 2,
                      "Percent": 0.6
                    }
                  }
                }
              }
            }
          },
          "selector": {
            "data": [
              {
                "scopeId": {
                  "Comparison": {
                    "ComparisonKind": 0,
                    "Left": {
                      "Column": {
                        "Expression": {
                          "SourceRef": {
                            "Entity": "VW_DQ_RESULT_SUMMARY"
                          }
                        },
                        "Property": "Table Name"
                      }
                    },
                    "Right": {
                      "Literal": {
                        "Value": "'MAKE_PRICES'"
                      }
                    }
                  }
                }
              }
            ]
          }
        }
      ],
      "categoryLabels": [
        {
          "properties": {
            "fontSize": {
              "expr": {
                "Literal": {
                  "Value": "10D"
                }
              }
            }
          }
        }
      ],
      "labels": [
        {
          "properties": {
            "show": {
              "expr": {
                "Literal": {
                  "Value": "false"
                }
              }
            }
          }
        }
      ]
    },
    "visualContainerObjects": {
      "title": [
        {
          "properties": {
            "titleWrap": {
              "expr": {
                "Literal": {
                  "Value": "true"
                }
              }
            },
            "text": {
              "expr": {
                "Literal": {
                  "Value": "'Top 5 Failed Tables'"
                }
              }
            },
            "alignment": {
              "expr": {
                "Literal": {
                  "Value": "'center'"
                }
              }
            }
          }
        }
      ],
      "background": [
        {
          "properties": {
            "show": {
              "expr": {
                "Literal": {
                  "Value": "true"
                }
              }
            },
            "color": {
              "solid": {
                "color": {
                  "expr": {
                    "Literal": {
                      "Value": "'#FFFFFF'"
                    }
                  }
                }
              }
            },
            "transparency": {
              "expr": {
                "Literal": {
                  "Value": "100D"
                }
              }
            }
          }
        }
      ],
      "border": [
        {
          "properties": {
            "show": {
              "expr": {
                "Literal": {
                  "Value": "false"
                }
              }
            },
            "color": {
              "solid": {
                "color": {
                  "expr": {
                    "Literal": {
                      "Value": "'#CCCCCC'"
                    }
                  }
                }
              }
            }
          }
        }
      ],
      "visualHeader": [
        {
          "properties": {
            "background": {
              "solid": {
                "color": {
                  "expr": {
                    "Literal": {
                      "Value": "'#3a3a3a'"
                    }
                  }
                }
              }
            },
            "border": {
              "solid": {
                "color": {
                  "expr": {
                    "Literal": {
                      "Value": "'#3a3a3a'"
                    }
                  }
                }
              }
            },
            "foreground": {
              "solid": {
                "color": {
                  "expr": {
                    "Literal": {
                      "Value": "'#FFFFFF'"
                    }
                  }
                }
              }
            },
            "transparency": {
              "expr": {
                "Literal": {
                  "Value": "0D"
                }
              }
            }
          }
        }
      ],
      "padding": [
        {
          "properties": {
            "left": {
              "expr": {
                "Literal": {
                  "Value": "0D"
                }
              }
            },
            "right": {
              "expr": {
                "Literal": {
                  "Value": "0D"
                }
              }
            },
            "bottom": {
              "expr": {
                "Literal": {
                  "Value": "0D"
                }
              }
            }
          }
        }
      ],
      "lockAspect": [
        {
          "properties": {
            "show": {
              "expr": {
                "Literal": {
                  "Value": "false"
                }
              }
            }
          }
        }
      ]
    },
    "drillFilterOtherVisuals": true
  },
  "filterConfig": {
    "filters": [
      {
        "name": "Filter7fdef728900ce5649e3f",
        "field": {
          "Aggregation": {
            "Expression": {
              "Column": {
                "Expression": {
                  "SourceRef": {
                    "Entity": "VW_DQ_RESULT_SUMMARY"
                  }
                },
                "Property": "PASS_RECORD_COUNT"
              }
            },
            "Function": 0
          }
        },
        "type": "Advanced",
        "howCreated": "User",
        "isHiddenInViewMode": true
      },
      {
        "name": "Filter2c85a1ddf2df39cabcfc",
        "field": {
          "Aggregation": {
            "Expression": {
              "Column": {
                "Expression": {
                  "SourceRef": {
                    "Entity": "VW_DQ_RESULT_SUMMARY"
                  }
                },
                "Property": "FAILED_RECORD_COUNT"
              }
            },
            "Function": 0
          }
        },
        "type": "Advanced",
        "isHiddenInViewMode": true
      },
      {
        "name": "Filter13400dc206a63a357ce1",
        "field": {
          "Measure": {
            "Expression": {
              "SourceRef": {
                "Entity": "VW_DQ_RESULT_SUMMARY"
              }
            },
            "Property": "DQ Score"
          }
        },
        "type": "Advanced",
        "howCreated": "User",
        "isHiddenInViewMode": true
      },
      {
        "name": "Filter7cc8e80481af9b202813",
        "field": {
          "Column": {
            "Expression": {
              "SourceRef": {
                "Entity": "VW_DQ_RESULT_SUMMARY"
              }
            },
            "Property": "Database Name"
          }
        },
        "type": "Categorical",
        "howCreated": "User",
        "isHiddenInViewMode": true
      },
      {
        "name": "Filter127cfce02b4b0376a3b3",
        "field": {
          "Column": {
            "Expression": {
              "SourceRef": {
                "Entity": "VW_DQ_RESULT_SUMMARY"
              }
            },
            "Property": "FAILED_RECORD_COUNT"
          }
        },
        "type": "TopN",
        "howCreated": "User"
      }
    ]
  }
}