{
  "$schema": "https://developer.microsoft.com/json-schemas/fabric/item/report/definition/visualContainer/2.5.0/schema.json",
  "name": "a8df294375897c9784ca",
  "position": {
    "x": 1022.3500000000001,
    "y": 83.720000000000013,
    "z": 13000,
    "height": 37.03,
    "width": 167.44000000000003,
    "tabOrder": 13000
  },
  "visual": {
    "visualType": "textbox",
    "objects": {
      "general": [
        {
          "properties": {
            "paragraphs": [
              {
                "textRuns": [
                  {
                    "value": "Total Jobs",
                    "textStyle": {
                      "fontSize": "12pt",
                      "color": "#ffffff"
                    }
                  }
                ],
                "horizontalTextAlignment": "center"
              }
            ]
          }
        }
      ]
    },
    "visualContainerObjects": {
      "background": [
        {
          "properties": {
            "show": {
              "expr": {
                "Literal": {
                  "Value": "false"
                }
              }
            }
          }
        }
      ]
    },
    "drillFilterOtherVisuals": true
  }
}