{
  "$schema": "https://developer.microsoft.com/json-schemas/fabric/item/report/definition/visualContainer/2.5.0/schema.json",
  "name": "29808ac8601c5e4d822c",
  "position": {
    "x": 962.78000000000009,
    "y": 4.83,
    "z": 39000,
    "height": 49.910000000000004,
    "width": 268.87,
    "tabOrder": 39000
  },
  "visual": {
    "visualType": "slicer",
    "query": {
      "queryState": {
        "Values": {
          "projections": [
            {
              "field": {
                "Column": {
                  "Expression": {
                    "SourceRef": {
                      "Entity": "CLOUD_QUERY_HISTORY"
                    }
                  },
                  "Property": "START_TIME"
                }
              },
              "queryRef": "CLOUD_QUERY_HISTORY.START_TIME",
              "nativeQueryRef": "START_TIME",
              "active": true
            }
          ]
        }
      },
      "sortDefinition": {
        "isDefaultSort": true
      }
    },
    "objects": {
      "data": [
        {
          "properties": {
            "mode": {
              "expr": {
                "Literal": {
                  "Value": "'Between'"
                }
              }
            }
          }
        }
      ],
      "date": [
        {
          "properties": {
            "textSize": {
              "expr": {
                "Literal": {
                  "Value": "12D"
                }
              }
            }
          }
        }
      ]
    },
    "drillFilterOtherVisuals": true
  }
}