{
  "$schema": "https://developer.microsoft.com/json-schemas/fabric/item/report/definition/report/3.1.0/schema.json",
  "themeCollection": {
    "baseTheme": {
      "name": "CY23SU11",
      "reportVersionAtImport": {
        "visual": "1.8.86",
        "report": "2.0.86",
        "page": "1.3.86"
      },
      "type": "SharedResources"
    },
    "customTheme": {
      "name": "Innovate07990728395870539.json",
      "reportVersionAtImport": {
        "visual": "1.8.86",
        "report": "2.0.86",
        "page": "1.3.86"
      },
      "type": "RegisteredResources"
    }
  },
  "objects": {
    "section": [
      {
        "properties": {
          "verticalAlignment": {
            "expr": {
              "Literal": {
                "Value": "'Top'"
              }
            }
          }
        }
      }
    ],
    "outspacePane": [
      {
        "properties": {
          "expanded": {
            "expr": {
              "Literal": {
                "Value": "false"
              }
            }
          },
          "visible": {
            "expr": {
              "Literal": {
                "Value": "true"
              }
            }
          }
        }
      }
    ]
  },
  "publicCustomVisuals": [
    "ActivityGaugeA96234ADB8D143D1837fdfsFECd426BB34781",
    "advancedPieDonut812F760774854B428BA58A87279F6AF6",
    "dg5AAA90EFEFE747CB9357C4FC19B85A58",
    "histogram42E8DF98F1244DB799B2A8A65DBCB226",
    "payPalKPIDonutChart55A431AB15A540ED924ACD72ED8D259F",
    "Tachometer1474636471549",
    "te10180DAFCC6814BA88D4853A092161FF3"
  ],
  "resourcePackages": [
    {
      "name": "RegisteredResources",
      "type": "RegisteredResources",
      "items": [
        {
          "name": "clock6329553052294128.png",
          "path": "clock6329553052294128.png",
          "type": "Image"
        },
        {
          "name": "icons8-cost-647953540330297864.png",
          "path": "icons8-cost-647953540330297864.png",
          "type": "Image"
        },
        {
          "name": "icons8-database-501456358621611642.png",
          "path": "icons8-database-501456358621611642.png",
          "type": "Image"
        },
        {
          "name": "icons8-fail-5007789541230565655.png",
          "path": "icons8-fail-5007789541230565655.png",
          "type": "Image"
        },
        {
          "name": "icons8-fail-501270493393648946.png",
          "path": "icons8-fail-501270493393648946.png",
          "type": "Image"
        },
        {
          "name": "icons8-ok-5009491304794484323.png",
          "path": "icons8-ok-5009491304794484323.png",
          "type": "Image"
        },
        {
          "name": "icons8-ok-503613946428549486.png",
          "path": "icons8-ok-503613946428549486.png",
          "type": "Image"
        },
        {
          "name": "icons8-records-4851680551745051.png",
          "path": "icons8-records-4851680551745051.png",
          "type": "Image"
        },
        {
          "name": "Innovate07990728395870539.json",
          "path": "Innovate07990728395870539.json",
          "type": "Image"
        },
        {
          "name": "LTIMindtree_Linear_2-1-LT-Blue387191829644179.png",
          "path": "LTIMindtree_Linear_2-1-LT-Blue387191829644179.png",
          "type": "Image"
        },
        {
          "name": "OBS_LayoutOBS6606046364944227.svg",
          "path": "OBS_LayoutOBS6606046364944227.svg",
          "type": "Image"
        },
        {
          "name": "OBS_Layout_2OBS2525857522018433.svg",
          "path": "OBS_Layout_2OBS2525857522018433.svg",
          "type": "Image"
        },
        {
          "name": "OBS_Layout_2_(Copy)OBS_(4)6770261876617896.svg",
          "path": "OBS_Layout_2_(Copy)OBS_(4)6770261876617896.svg",
          "type": "Image"
        },
        {
          "name": "Q_&_AOBS463347220831291.svg",
          "path": "Q_&_AOBS463347220831291.svg",
          "type": "Image"
        },
        {
          "name": "registration9503737724327888.png",
          "path": "registration9503737724327888.png",
          "type": "Image"
        }
      ]
    },
    {
      "name": "SharedResources",
      "type": "SharedResources",
      "items": [
        {
          "name": "CY23SU11",
          "path": "BaseThemes/CY23SU11.json",
          "type": "BaseTheme"
        }
      ]
    }
  ],
  "settings": {
    "useStylableVisualContainerHeader": true,
    "exportDataMode": "AllowSummarized",
    "defaultDrillFilterOtherVisuals": true,
    "allowChangeFilterTypes": true,
    "useEnhancedTooltips": true,
    "useDefaultAggregateDisplayName": true
  }
}