{
  "$schema": "https://developer.microsoft.com/json-schemas/fabric/item/report/definition/visualContainer/2.5.0/schema.json",
  "name": "a3bb57118a0a79940385",
  "position": {
    "x": 1022.3500000000001,
    "y": 119.14000000000001,
    "z": 12000,
    "height": 90.160000000000011,
    "width": 244.72000000000003,
    "tabOrder": 12000
  },
  "visual": {
    "visualType": "areaChart",
    "query": {
      "queryState": {
        "Category": {
          "projections": [
            {
              "field": {
                "HierarchyLevel": {
                  "Expression": {
                    "Hierarchy": {
                      "Expression": {
                        "PropertyVariationSource": {
                          "Expression": {
                            "SourceRef": {
                              "Entity": "JOB_RUN_LOG_SUMMARY"
                            }
                          },
                          "Name": "Variation",
                          "Property": "JOB_START_TIME"
                        }
                      },
                      "Hierarchy": "Date Hierarchy"
                    }
                  },
                  "Level": "Year"
                }
              },
              "queryRef": "JOB_RUN_LOG_SUMMARY.JOB_START_TIME.Variation.Date Hierarchy.Year",
              "nativeQueryRef": "JOB_START_TIME Year",
              "active": true
            },
            {
              "field": {
                "HierarchyLevel": {
                  "Expression": {
                    "Hierarchy": {
                      "Expression": {
                        "PropertyVariationSource": {
                          "Expression": {
                            "SourceRef": {
                              "Entity": "JOB_RUN_LOG_SUMMARY"
                            }
                          },
                          "Name": "Variation",
                          "Property": "JOB_START_TIME"
                        }
                      },
                      "Hierarchy": "Date Hierarchy"
                    }
                  },
                  "Level": "Quarter"
                }
              },
              "queryRef": "JOB_RUN_LOG_SUMMARY.JOB_START_TIME.Variation.Date Hierarchy.Quarter",
              "nativeQueryRef": "JOB_START_TIME Quarter",
              "active": true
            },
            {
              "field": {
                "HierarchyLevel": {
                  "Expression": {
                    "Hierarchy": {
                      "Expression": {
                        "PropertyVariationSource": {
                          "Expression": {
                            "SourceRef": {
                              "Entity": "JOB_RUN_LOG_SUMMARY"
                            }
                          },
                          "Name": "Variation",
                          "Property": "JOB_START_TIME"
                        }
                      },
                      "Hierarchy": "Date Hierarchy"
                    }
                  },
                  "Level": "Month"
                }
              },
              "queryRef": "JOB_RUN_LOG_SUMMARY.JOB_START_TIME.Variation.Date Hierarchy.Month",
              "nativeQueryRef": "JOB_START_TIME Month",
              "active": true
            },
            {
              "field": {
                "HierarchyLevel": {
                  "Expression": {
                    "Hierarchy": {
                      "Expression": {
                        "PropertyVariationSource": {
                          "Expression": {
                            "SourceRef": {
                              "Entity": "JOB_RUN_LOG_SUMMARY"
                            }
                          },
                          "Name": "Variation",
                          "Property": "JOB_START_TIME"
                        }
                      },
                      "Hierarchy": "Date Hierarchy"
                    }
                  },
                  "Level": "Day"
                }
              },
              "queryRef": "JOB_RUN_LOG_SUMMARY.JOB_START_TIME.Variation.Date Hierarchy.Day",
              "nativeQueryRef": "JOB_START_TIME Day",
              "active": false
            }
          ]
        },
        "Y": {
          "projections": [
            {
              "field": {
                "Measure": {
                  "Expression": {
                    "SourceRef": {
                      "Entity": "JOB_RUN_LOG_SUMMARY"
                    }
                  },
                  "Property": "Total Jobs"
                }
              },
              "queryRef": "JOB_RUN_LOG_SUMMARY.Total Jobs",
              "nativeQueryRef": "Total Jobs"
            }
          ]
        }
      }
    },
    "objects": {
      "categoryAxis": [
        {
          "properties": {
            "show": {
              "expr": {
                "Literal": {
                  "Value": "false"
                }
              }
            },
            "axisType": {
              "expr": {
                "Literal": {
                  "Value": "'Scalar'"
                }
              }
            },
            "showAxisTitle": {
              "expr": {
                "Literal": {
                  "Value": "false"
                }
              }
            },
            "labelColor": {
              "solid": {
                "color": {
                  "expr": {
                    "Literal": {
                      "Value": "'#808080'"
                    }
                  }
                }
              }
            },
            "concatenateLabels": {
              "expr": {
                "Literal": {
                  "Value": "false"
                }
              }
            },
            "maxMarginFactor": {
              "expr": {
                "Literal": {
                  "Value": "15L"
                }
              }
            },
            "gridlineShow": {
              "expr": {
                "Literal": {
                  "Value": "false"
                }
              }
            }
          }
        }
      ],
      "lineStyles": [
        {
          "properties": {
            "strokeWidth": {
              "expr": {
                "Literal": {
                  "Value": "2L"
                }
              }
            },
            "showMarker": {
              "expr": {
                "Literal": {
                  "Value": "true"
                }
              }
            },
            "markerSize": {
              "expr": {
                "Literal": {
                  "Value": "3D"
                }
              }
            }
          }
        }
      ],
      "valueAxis": [
        {
          "properties": {
            "show": {
              "expr": {
                "Literal": {
                  "Value": "false"
                }
              }
            },
            "showAxisTitle": {
              "expr": {
                "Literal": {
                  "Value": "false"
                }
              }
            },
            "labelColor": {
              "solid": {
                "color": {
                  "expr": {
                    "Literal": {
                      "Value": "'#808080'"
                    }
                  }
                }
              }
            },
            "gridlineShow": {
              "expr": {
                "Literal": {
                  "Value": "true"
                }
              }
            },
            "gridlineThickness": {
              "expr": {
                "Literal": {
                  "Value": "1L"
                }
              }
            },
            "gridlineStyle": {
              "expr": {
                "Literal": {
                  "Value": "'dotted'"
                }
              }
            }
          }
        }
      ],
      "legend": [
        {
          "properties": {
            "showTitle": {
              "expr": {
                "Literal": {
                  "Value": "false"
                }
              }
            },
            "labelColor": {
              "solid": {
                "color": {
                  "expr": {
                    "Literal": {
                      "Value": "'#808080'"
                    }
                  }
                }
              }
            }
          }
        }
      ],
      "dataPoint": [
        {
          "properties": {
            "transparency": {
              "expr": {
                "Literal": {
                  "Value": "55D"
                }
              }
            }
          }
        },
        {
          "properties": {
            "fill": {
              "solid": {
                "color": {
                  "expr": {
                    "ThemeDataColor": {
                      "ColorId": 0,
                      "Percent": 0
                    }
                  }
                }
              }
            }
          },
          "selector": {
            "metadata": "JOB_RUN_LOG_SUMMARY.Total Jobs"
          }
        }
      ]
    },
    "visualContainerObjects": {
      "border": [
        {
          "properties": {
            "show": {
              "expr": {
                "Literal": {
                  "Value": "false"
                }
              }
            },
            "color": {
              "solid": {
                "color": {
                  "expr": {
                    "ThemeDataColor": {
                      "ColorId": 0,
                      "Percent": -0.2
                    }
                  }
                }
              }
            }
          }
        }
      ],
      "title": [
        {
          "properties": {
            "titleWrap": {
              "expr": {
                "Literal": {
                  "Value": "true"
                }
              }
            },
            "fontColor": {
              "solid": {
                "color": {
                  "expr": {
                    "ThemeDataColor": {
                      "ColorId": 2,
                      "Percent": -0.25
                    }
                  }
                }
              }
            },
            "fontSize": {
              "expr": {
                "Literal": {
                  "Value": "12D"
                }
              }
            },
            "fontFamily": {
              "expr": {
                "Literal": {
                  "Value": "'Candara'"
                }
              }
            },
            "show": {
              "expr": {
                "Literal": {
                  "Value": "false"
                }
              }
            }
          }
        }
      ],
      "background": [
        {
          "properties": {
            "show": {
              "expr": {
                "Literal": {
                  "Value": "false"
                }
              }
            },
            "color": {
              "solid": {
                "color": {
                  "expr": {
                    "Literal": {
                      "Value": "'#F2F2F2'"
                    }
                  }
                }
              }
            },
            "transparency": {
              "expr": {
                "Literal": {
                  "Value": "0D"
                }
              }
            }
          }
        }
      ],
      "padding": [
        {
          "properties": {
            "top": {
              "expr": {
                "Literal": {
                  "Value": "1D"
                }
              }
            },
            "bottom": {
              "expr": {
                "Literal": {
                  "Value": "1D"
                }
              }
            },
            "left": {
              "expr": {
                "Literal": {
                  "Value": "0D"
                }
              }
            },
            "right": {
              "expr": {
                "Literal": {
                  "Value": "0D"
                }
              }
            }
          }
        }
      ],
      "visualTooltip": [
        {
          "properties": {
            "show": {
              "expr": {
                "Literal": {
                  "Value": "true"
                }
              }
            }
          }
        }
      ],
      "visualHeader": [
        {
          "properties": {
            "show": {
              "expr": {
                "Literal": {
                  "Value": "false"
                }
              }
            },
            "background": {
              "solid": {
                "color": {
                  "expr": {
                    "Literal": {
                      "Value": "'#3a3a3a'"
                    }
                  }
                }
              }
            },
            "border": {
              "solid": {
                "color": {
                  "expr": {
                    "Literal": {
                      "Value": "'#3a3a3a'"
                    }
                  }
                }
              }
            },
            "foreground": {
              "solid": {
                "color": {
                  "expr": {
                    "Literal": {
                      "Value": "'#FFFFFF'"
                    }
                  }
                }
              }
            }
          }
        }
      ]
    },
    "drillFilterOtherVisuals": true
  },
  "filterConfig": {
    "filters": [
      {
        "name": "Filterdb2bb3a7b92812650a31",
        "field": {
          "HierarchyLevel": {
            "Expression": {
              "Hierarchy": {
                "Expression": {
                  "PropertyVariationSource": {
                    "Expression": {
                      "SourceRef": {
                        "Entity": "JOB_RUN_LOG_SUMMARY"
                      }
                    },
                    "Name": "Variation",
                    "Property": "JOB_START_TIME"
                  }
                },
                "Hierarchy": "Date Hierarchy"
              }
            },
            "Level": "Year"
          }
        },
        "type": "Advanced",
        "isHiddenInViewMode": true
      },
      {
        "name": "Filterbfc424cdb33a9d0bdb7d",
        "field": {
          "HierarchyLevel": {
            "Expression": {
              "Hierarchy": {
                "Expression": {
                  "PropertyVariationSource": {
                    "Expression": {
                      "SourceRef": {
                        "Entity": "JOB_RUN_LOG_SUMMARY"
                      }
                    },
                    "Name": "Variation",
                    "Property": "JOB_START_TIME"
                  }
                },
                "Hierarchy": "Date Hierarchy"
              }
            },
            "Level": "Quarter"
          }
        },
        "type": "Categorical",
        "isHiddenInViewMode": true
      },
      {
        "name": "Filterc87aa056b99b4d81994b",
        "field": {
          "HierarchyLevel": {
            "Expression": {
              "Hierarchy": {
                "Expression": {
                  "PropertyVariationSource": {
                    "Expression": {
                      "SourceRef": {
                        "Entity": "JOB_RUN_LOG_SUMMARY"
                      }
                    },
                    "Name": "Variation",
                    "Property": "JOB_START_TIME"
                  }
                },
                "Hierarchy": "Date Hierarchy"
              }
            },
            "Level": "Month"
          }
        },
        "type": "Categorical",
        "isHiddenInViewMode": true
      },
      {
        "name": "Filterb1108598222e9a2b28e0",
        "field": {
          "HierarchyLevel": {
            "Expression": {
              "Hierarchy": {
                "Expression": {
                  "PropertyVariationSource": {
                    "Expression": {
                      "SourceRef": {
                        "Entity": "JOB_RUN_LOG_SUMMARY"
                      }
                    },
                    "Name": "Variation",
                    "Property": "JOB_START_TIME"
                  }
                },
                "Hierarchy": "Date Hierarchy"
              }
            },
            "Level": "Day"
          }
        },
        "type": "Advanced",
        "isHiddenInViewMode": true
      },
      {
        "name": "Filterdb2f5e42c46d3072fbe2",
        "field": {
          "Measure": {
            "Expression": {
              "SourceRef": {
                "Entity": "JOB_RUN_LOG_SUMMARY"
              }
            },
            "Property": "Total Jobs"
          }
        },
        "type": "Advanced",
        "isHiddenInViewMode": true
      }
    ]
  }
}