{
  "$schema": "https://developer.microsoft.com/json-schemas/fabric/item/report/definition/visualContainer/2.5.0/schema.json",
  "name": "6bff4e2e8bd57583bf6a",
  "position": {
    "x": 276.7626984126984,
    "y": 366.76073205962433,
    "z": 17000,
    "height": 25.396825396825395,
    "width": 30.158730158730158,
    "tabOrder": 17000
  },
  "visual": {
    "visualType": "image",
    "objects": {
      "general": [
        {
          "properties": {
            "imageUrl": {
              "expr": {
                "ResourcePackageItem": {
                  "PackageName": "RegisteredResources",
                  "PackageType": 1,
                  "ItemName": "icons8-ok-5009491304794484323.png"
                }
              }
            }
          }
        }
      ]
    },
    "drillFilterOtherVisuals": true
  },
  "howCreated": "InsertVisualButton"
}