{
  "$schema": "https://developer.microsoft.com/json-schemas/fabric/item/report/definition/page/2.0.0/schema.json",
  "name": "ReportSection6902e9519898623ad292",
  "displayName": "Query Details",
  "displayOption": "FitToPage",
  "height": 720,
  "width": 1280,
  "filterConfig": {
    "filters": [
      {
        "name": "Filter630ec2ecc58df7c0c76a",
        "field": {
          "Column": {
            "Expression": {
              "SourceRef": {
                "Entity": "CLOUD_QUERY_HISTORY"
              }
            },
            "Property": "QUERY_TYPE"
          }
        },
        "type": "Categorical",
        "howCreated": "Drillthrough"
      },
      {
        "name": "Filter627fca85aba8080a2cb5",
        "field": {
          "Column": {
            "Expression": {
              "SourceRef": {
                "Entity": "CLOUD_QUERY_HISTORY"
              }
            },
            "Property": "STATUS"
          }
        },
        "type": "Categorical",
        "howCreated": "Drillthrough"
      },
      {
        "name": "Filtera60e1f735f7c8d27dff0",
        "field": {
          "Column": {
            "Expression": {
              "SourceRef": {
                "Entity": "CLOUD_QUERY_HISTORY"
              }
            },
            "Property": "DATABASE_NAME"
          }
        },
        "type": "Categorical",
        "filter": {
          "Version": 2,
          "From": [
            {
              "Name": "c",
              "Entity": "CLOUD_QUERY_HISTORY",
              "Type": 0
            }
          ],
          "Where": [
            {
              "Condition": {
                "In": {
                  "Expressions": [
                    {
                      "Column": {
                        "Expression": {
                          "SourceRef": {
                            "Source": "c"
                          }
                        },
                        "Property": "DATABASE_NAME"
                      }
                    }
                  ],
                  "Values": [
                    [
                      {
                        "Literal": {
                          "Value": "'DM_DB'"
                        }
                      }
                    ]
                  ]
                }
              }
            }
          ]
        },
        "howCreated": "Drillthrough"
      },
      {
        "name": "Filter7628d285a60e98d4b3f1",
        "field": {
          "Column": {
            "Expression": {
              "SourceRef": {
                "Entity": "CLOUD_QUERY_HISTORY"
              }
            },
            "Property": "WAREHOUSE_NAME"
          }
        },
        "type": "Categorical",
        "howCreated": "Drillthrough"
      }
    ]
  },
  "pageBinding": {
    "name": "Pod2",
    "type": "Drillthrough",
    "parameters": [
      {
        "name": "Param_Filter630ec2ecc58df7c0c76a",
        "boundFilter": "Filter630ec2ecc58df7c0c76a",
        "fieldExpr": {
          "Column": {
            "Expression": {
              "SourceRef": {
                "Entity": "CLOUD_QUERY_HISTORY"
              }
            },
            "Property": "QUERY_TYPE"
          }
        }
      },
      {
        "name": "Param_Filter627fca85aba8080a2cb5",
        "boundFilter": "Filter627fca85aba8080a2cb5",
        "fieldExpr": {
          "Column": {
            "Expression": {
              "SourceRef": {
                "Entity": "CLOUD_QUERY_HISTORY"
              }
            },
            "Property": "STATUS"
          }
        }
      },
      {
        "name": "Param_Filtera60e1f735f7c8d27dff0",
        "boundFilter": "Filtera60e1f735f7c8d27dff0",
        "fieldExpr": {
          "Column": {
            "Expression": {
              "SourceRef": {
                "Entity": "CLOUD_QUERY_HISTORY"
              }
            },
            "Property": "DATABASE_NAME"
          }
        }
      },
      {
        "name": "Param_Filter7628d285a60e98d4b3f1",
        "boundFilter": "Filter7628d285a60e98d4b3f1",
        "fieldExpr": {
          "Column": {
            "Expression": {
              "SourceRef": {
                "Entity": "CLOUD_QUERY_HISTORY"
              }
            },
            "Property": "WAREHOUSE_NAME"
          }
        }
      }
    ]
  },
  "visibility": "HiddenInViewMode"
}