{
  "$schema": "https://developer.microsoft.com/json-schemas/fabric/item/report/definition/visualContainer/2.5.0/schema.json",
  "name": "433959f9e1924e0fe6fa",
  "position": {
    "x": 381.52460317460316,
    "y": 304.85597015486246,
    "z": 19000,
    "height": 31.746031746031747,
    "width": 39.682539682539684,
    "tabOrder": 19000
  },
  "visual": {
    "visualType": "image",
    "objects": {
      "general": [
        {
          "properties": {
            "imageUrl": {
              "expr": {
                "ResourcePackageItem": {
                  "PackageName": "RegisteredResources",
                  "PackageType": 1,
                  "ItemName": "icons8-records-4851680551745051.png"
                }
              }
            }
          }
        }
      ]
    },
    "drillFilterOtherVisuals": true
  },
  "howCreated": "InsertVisualButton"
}