{
  "$schema": "https://developer.microsoft.com/json-schemas/fabric/item/report/definition/visualContainer/2.5.0/schema.json",
  "name": "f6e4752f6b1e6b92706c",
  "position": {
    "x": 50.4,
    "y": 0,
    "z": 0,
    "height": 720,
    "width": 1219.68,
    "tabOrder": 0
  },
  "visual": {
    "visualType": "tableEx",
    "query": {
      "queryState": {
        "Values": {
          "projections": [
            {
              "field": {
                "Column": {
                  "Expression": {
                    "SourceRef": {
                      "Entity": "VW_DQ_RESULT_SUMMARY"
                    }
                  },
                  "Property": "DQ_RUN_DATE"
                }
              },
              "queryRef": "VW_DQ_RESULT_SUMMARY.DQ_RUN_DATE",
              "nativeQueryRef": "Date",
              "displayName": "Date"
            },
            {
              "field": {
                "Column": {
                  "Expression": {
                    "SourceRef": {
                      "Entity": "VW_DQ_RESULT_SUMMARY"
                    }
                  },
                  "Property": "Table Name"
                }
              },
              "queryRef": "VW_DQ_RESULT_SUMMARY.Table Name",
              "nativeQueryRef": "Table Name"
            },
            {
              "field": {
                "Column": {
                  "Expression": {
                    "SourceRef": {
                      "Entity": "VW_DQ_RESULT_SUMMARY"
                    }
                  },
                  "Property": "Database Name"
                }
              },
              "queryRef": "VW_DQ_RESULT_SUMMARY.Database Name",
              "nativeQueryRef": "Database Name"
            },
            {
              "field": {
                "Column": {
                  "Expression": {
                    "SourceRef": {
                      "Entity": "VW_DQ_RESULT_SUMMARY"
                    }
                  },
                  "Property": "PLATFORM_NAME"
                }
              },
              "queryRef": "VW_DQ_RESULT_SUMMARY.PLATFORM_NAME",
              "nativeQueryRef": "Platform Name",
              "displayName": "Platform Name"
            },
            {
              "field": {
                "Measure": {
                  "Expression": {
                    "SourceRef": {
                      "Entity": "VW_DQ_RESULT_SUMMARY"
                    }
                  },
                  "Property": "DQ Score"
                }
              },
              "queryRef": "VW_DQ_RESULT_SUMMARY.DQ Score",
              "nativeQueryRef": "DQ Score"
            },
            {
              "field": {
                "Column": {
                  "Expression": {
                    "SourceRef": {
                      "Entity": "VW_DQ_RESULT_SUMMARY"
                    }
                  },
                  "Property": "RULE_CATEGORY"
                }
              },
              "queryRef": "VW_DQ_RESULT_SUMMARY.RULE_CATEGORY",
              "nativeQueryRef": "Rule Category",
              "displayName": "Rule Category"
            },
            {
              "field": {
                "Column": {
                  "Expression": {
                    "SourceRef": {
                      "Entity": "VW_DQ_RESULT_SUMMARY"
                    }
                  },
                  "Property": "RULE_TYPE"
                }
              },
              "queryRef": "VW_DQ_RESULT_SUMMARY.RULE_TYPE",
              "nativeQueryRef": "Rule Type",
              "displayName": "Rule Type"
            },
            {
              "field": {
                "Column": {
                  "Expression": {
                    "SourceRef": {
                      "Entity": "VW_DQ_RESULT_SUMMARY"
                    }
                  },
                  "Property": "RULE_NAME"
                }
              },
              "queryRef": "VW_DQ_RESULT_SUMMARY.RULE_NAME",
              "nativeQueryRef": "Rule Name",
              "displayName": "Rule Name"
            },
            {
              "field": {
                "Column": {
                  "Expression": {
                    "SourceRef": {
                      "Entity": "VW_DQ_RESULT_SUMMARY"
                    }
                  },
                  "Property": "DQ_RESULT_STATUS"
                }
              },
              "queryRef": "VW_DQ_RESULT_SUMMARY.DQ_RESULT_STATUS",
              "nativeQueryRef": "DQ Result Status",
              "displayName": "DQ Result Status"
            }
          ]
        }
      }
    },
    "objects": {
      "grid": [
        {
          "properties": {
            "outlineStyle": {
              "expr": {
                "Literal": {
                  "Value": "15D"
                }
              }
            },
            "outlineColor": {
              "solid": {
                "color": {
                  "expr": {
                    "ThemeDataColor": {
                      "ColorId": 2,
                      "Percent": 0.6
                    }
                  }
                }
              }
            },
            "gridVertical": {
              "expr": {
                "Literal": {
                  "Value": "false"
                }
              }
            },
            "gridHorizontal": {
              "expr": {
                "Literal": {
                  "Value": "false"
                }
              }
            },
            "gridHorizontalColor": {
              "solid": {
                "color": {
                  "expr": {
                    "ThemeDataColor": {
                      "ColorId": 2,
                      "Percent": -0.25
                    }
                  }
                }
              }
            }
          }
        }
      ],
      "columnHeaders": [
        {
          "properties": {
            "outlineStyle": {
              "expr": {
                "Literal": {
                  "Value": "4D"
                }
              }
            },
            "outlineColor": {
              "solid": {
                "color": {
                  "expr": {
                    "ThemeDataColor": {
                      "ColorId": 2,
                      "Percent": 0.2
                    }
                  }
                }
              }
            },
            "fontColor": {
              "solid": {
                "color": {
                  "expr": {
                    "Literal": {
                      "Value": "'#05AFF2'"
                    }
                  }
                }
              }
            },
            "bold": {
              "expr": {
                "Literal": {
                  "Value": "true"
                }
              }
            },
            "backColor": {
              "solid": {
                "color": {
                  "expr": {
                    "ThemeDataColor": {
                      "ColorId": 0,
                      "Percent": 0
                    }
                  }
                }
              }
            },
            "alignment": {
              "expr": {
                "Literal": {
                  "Value": "'Center'"
                }
              }
            }
          }
        }
      ],
      "values": [
        {
          "properties": {
            "outlineStyle": {
              "expr": {
                "Literal": {
                  "Value": "0D"
                }
              }
            },
            "fontColorPrimary": {
              "solid": {
                "color": {
                  "expr": {
                    "ThemeDataColor": {
                      "ColorId": 1,
                      "Percent": 0
                    }
                  }
                }
              }
            },
            "backColorPrimary": {
              "solid": {
                "color": {
                  "expr": {
                    "ThemeDataColor": {
                      "ColorId": 0,
                      "Percent": 0
                    }
                  }
                }
              }
            },
            "fontColorSecondary": {
              "solid": {
                "color": {
                  "expr": {
                    "ThemeDataColor": {
                      "ColorId": 1,
                      "Percent": 0.1
                    }
                  }
                }
              }
            },
            "backColorSecondary": {
              "solid": {
                "color": {
                  "expr": {
                    "ThemeDataColor": {
                      "ColorId": 0,
                      "Percent": 0
                    }
                  }
                }
              }
            }
          }
        }
      ],
      "columnWidth": [
        {
          "properties": {
            "value": {
              "expr": {
                "Literal": {
                  "Value": "114.77261758625033D"
                }
              }
            }
          },
          "selector": {
            "metadata": "Sum(VW_DQ_RESULT_SUMMARY.PASS_RECORD_COUNT)"
          }
        },
        {
          "properties": {
            "value": {
              "expr": {
                "Literal": {
                  "Value": "134.48631221632073D"
                }
              }
            }
          },
          "selector": {
            "metadata": "Sum(VW_DQ_RESULT_SUMMARY.FAILED_RECORD_COUNT)"
          }
        },
        {
          "properties": {
            "value": {
              "expr": {
                "Literal": {
                  "Value": "184.1623294045212D"
                }
              }
            }
          },
          "selector": {
            "metadata": "VW_DQ_RESULT_SUMMARY.Table Name"
          }
        },
        {
          "properties": {
            "value": {
              "expr": {
                "Literal": {
                  "Value": "187.02577116374783D"
                }
              }
            }
          },
          "selector": {
            "metadata": "VW_DQ_RESULT_SUMMARY.DQ Score"
          }
        }
      ],
      "total": [
        {
          "properties": {
            "outlineStyle": {
              "expr": {
                "Literal": {
                  "Value": "11D"
                }
              }
            },
            "outlineColor": {
              "solid": {
                "color": {
                  "expr": {
                    "ThemeDataColor": {
                      "ColorId": 2,
                      "Percent": 0.2
                    }
                  }
                }
              }
            }
          }
        }
      ],
      "columnFormatting": [
        {
          "properties": {
            "labelPrecision": {
              "expr": {
                "Literal": {
                  "Value": "0L"
                }
              }
            }
          },
          "selector": {
            "metadata": "Sum(VW_DQ_RESULT_SUMMARY.PASS_RECORD_COUNT)"
          }
        },
        {
          "properties": {
            "labelPrecision": {
              "expr": {
                "Literal": {
                  "Value": "0L"
                }
              }
            }
          },
          "selector": {
            "metadata": "Sum(VW_DQ_RESULT_SUMMARY.FAILED_RECORD_COUNT)"
          }
        }
      ]
    },
    "visualContainerObjects": {
      "title": [
        {
          "properties": {
            "titleWrap": {
              "expr": {
                "Literal": {
                  "Value": "true"
                }
              }
            }
          }
        }
      ],
      "background": [
        {
          "properties": {
            "show": {
              "expr": {
                "Literal": {
                  "Value": "true"
                }
              }
            },
            "color": {
              "solid": {
                "color": {
                  "expr": {
                    "Literal": {
                      "Value": "'#FFFFFF'"
                    }
                  }
                }
              }
            },
            "transparency": {
              "expr": {
                "Literal": {
                  "Value": "100D"
                }
              }
            }
          }
        }
      ],
      "border": [
        {
          "properties": {
            "show": {
              "expr": {
                "Literal": {
                  "Value": "false"
                }
              }
            },
            "color": {
              "solid": {
                "color": {
                  "expr": {
                    "Literal": {
                      "Value": "'#CCCCCC'"
                    }
                  }
                }
              }
            }
          }
        }
      ],
      "visualHeader": [
        {
          "properties": {
            "background": {
              "solid": {
                "color": {
                  "expr": {
                    "Literal": {
                      "Value": "'#3a3a3a'"
                    }
                  }
                }
              }
            },
            "border": {
              "solid": {
                "color": {
                  "expr": {
                    "Literal": {
                      "Value": "'#3a3a3a'"
                    }
                  }
                }
              }
            },
            "foreground": {
              "solid": {
                "color": {
                  "expr": {
                    "Literal": {
                      "Value": "'#FFFFFF'"
                    }
                  }
                }
              }
            }
          }
        }
      ]
    },
    "drillFilterOtherVisuals": true
  },
  "filterConfig": {
    "filters": [
      {
        "name": "Filter0291166477d8fa94aea9",
        "field": {
          "Column": {
            "Expression": {
              "SourceRef": {
                "Entity": "VW_DQ_RESULT_SUMMARY"
              }
            },
            "Property": "Database Name"
          }
        },
        "type": "Categorical",
        "isHiddenInViewMode": true
      },
      {
        "name": "Filter5cdaf712cb2bf60bb78c",
        "field": {
          "Column": {
            "Expression": {
              "SourceRef": {
                "Entity": "VW_DQ_RESULT_SUMMARY"
              }
            },
            "Property": "Table Name"
          }
        },
        "type": "Categorical",
        "isHiddenInViewMode": true
      },
      {
        "name": "Filterdc5f5f579d9da930d0c3",
        "field": {
          "Column": {
            "Expression": {
              "SourceRef": {
                "Entity": "VW_DQ_RESULT_SUMMARY"
              }
            },
            "Property": "PLATFORM_NAME"
          }
        },
        "type": "Categorical",
        "isHiddenInViewMode": true
      },
      {
        "name": "Filter7228ae9fac102e6f2f0e",
        "field": {
          "Measure": {
            "Expression": {
              "SourceRef": {
                "Entity": "VW_DQ_RESULT_SUMMARY"
              }
            },
            "Property": "DQ Score"
          }
        },
        "type": "Advanced",
        "isHiddenInViewMode": true
      },
      {
        "name": "Filtera5b3a840e6740d01bfe0",
        "field": {
          "Column": {
            "Expression": {
              "SourceRef": {
                "Entity": "VW_DQ_RESULT_SUMMARY"
              }
            },
            "Property": "RULE_CATEGORY"
          }
        },
        "type": "Categorical",
        "isHiddenInViewMode": true
      },
      {
        "name": "Filter028b3886472b11c9d770",
        "field": {
          "Column": {
            "Expression": {
              "SourceRef": {
                "Entity": "VW_DQ_RESULT_SUMMARY"
              }
            },
            "Property": "RULE_TYPE"
          }
        },
        "type": "Categorical",
        "isHiddenInViewMode": true
      },
      {
        "name": "Filterbc80f9bd66d22552a120",
        "field": {
          "Column": {
            "Expression": {
              "SourceRef": {
                "Entity": "VW_DQ_RESULT_SUMMARY"
              }
            },
            "Property": "RULE_NAME"
          }
        },
        "type": "Categorical",
        "isHiddenInViewMode": true
      },
      {
        "name": "Filter61645c718675f714500f",
        "field": {
          "Column": {
            "Expression": {
              "SourceRef": {
                "Entity": "VW_DQ_RESULT_SUMMARY"
              }
            },
            "Property": "DQ_RUN_DATE"
          }
        },
        "type": "Categorical",
        "isHiddenInViewMode": true
      }
    ]
  }
}