{
  "$schema": "https://developer.microsoft.com/json-schemas/fabric/item/report/definition/visualContainer/2.5.0/schema.json",
  "name": "b20999ab147eb6023a49",
  "position": {
    "x": 720.99139442253465,
    "y": 14.999999999956289,
    "z": 22000,
    "height": 35.714285714285715,
    "width": 70,
    "tabOrder": 22000
  },
  "visual": {
    "visualType": "textbox",
    "objects": {
      "general": [
        {
          "properties": {
            "paragraphs": [
              {
                "textRuns": [
                  {
                    "value": "Status",
                    "textStyle": {
                      "fontFamily": "Candara",
                      "fontSize": "12pt",
                      "color": "#0483b6"
                    }
                  }
                ]
              }
            ]
          }
        }
      ]
    },
    "visualContainerObjects": {
      "background": [
        {
          "properties": {
            "show": {
              "expr": {
                "Literal": {
                  "Value": "false"
                }
              }
            }
          }
        }
      ]
    },
    "drillFilterOtherVisuals": true
  }
}