{
  "$schema": "https://developer.microsoft.com/json-schemas/fabric/item/report/definition/visualContainer/2.5.0/schema.json",
  "name": "77fa830b68ab1e8e3a83",
  "position": {
    "x": 241.89655172413794,
    "y": 227.02586206896552,
    "z": 9000,
    "height": 32.71551724137931,
    "width": 245.86206896551727,
    "tabOrder": 9000
  },
  "visual": {
    "visualType": "textbox",
    "objects": {
      "general": [
        {
          "properties": {
            "paragraphs": [
              {
                "textRuns": [
                  {
                    "value": "Success Vs Failure Jobs",
                    "textStyle": {
                      "fontFamily": "Candara",
                      "fontSize": "12pt",
                      "color": "#0483b6"
                    }
                  }
                ],
                "horizontalTextAlignment": "center"
              }
            ]
          }
        }
      ]
    },
    "visualContainerObjects": {
      "background": [
        {
          "properties": {
            "show": {
              "expr": {
                "Literal": {
                  "Value": "false"
                }
              }
            }
          }
        }
      ]
    },
    "drillFilterOtherVisuals": true
  }
}