{
  "$schema": "https://developer.microsoft.com/json-schemas/fabric/item/report/definition/visualContainer/2.5.0/schema.json",
  "name": "c7c072de851c63ef43fa",
  "position": {
    "x": 243.11,
    "y": 74.06,
    "z": 16000,
    "height": 185.15,
    "width": 199.64000000000001,
    "tabOrder": 16000
  },
  "visual": {
    "visualType": "Tachometer1474636471549",
    "query": {
      "queryState": {
        "Y": {
          "projections": [
            {
              "field": {
                "Measure": {
                  "Expression": {
                    "SourceRef": {
                      "Entity": "VW_DQ_RESULT_SUMMARY"
                    }
                  },
                  "Property": "DQ Score"
                }
              },
              "queryRef": "VW_DQ_RESULT_SUMMARY.DQ Score",
              "nativeQueryRef": "DQ Score"
            }
          ]
        },
        "TargetValue": {
          "projections": [
            {
              "field": {
                "Measure": {
                  "Expression": {
                    "SourceRef": {
                      "Entity": "VW_DQ_RESULT_SUMMARY"
                    }
                  },
                  "Property": "DQ Target"
                }
              },
              "queryRef": "VW_DQ_RESULT_SUMMARY.DQ Target",
              "nativeQueryRef": "DQ Target"
            }
          ]
        },
        "Range2StartValue": {
          "projections": [
            {
              "field": {
                "Measure": {
                  "Expression": {
                    "SourceRef": {
                      "Entity": "VW_DQ_RESULT_SUMMARY"
                    }
                  },
                  "Property": "RAG Amber"
                }
              },
              "queryRef": "VW_DQ_RESULT_SUMMARY.RAG Amber",
              "nativeQueryRef": "RAG Amber"
            }
          ]
        },
        "Range3StartValue": {
          "projections": [
            {
              "field": {
                "Measure": {
                  "Expression": {
                    "SourceRef": {
                      "Entity": "VW_DQ_RESULT_SUMMARY"
                    }
                  },
                  "Property": "RAG Green"
                }
              },
              "queryRef": "VW_DQ_RESULT_SUMMARY.RAG Green",
              "nativeQueryRef": "RAG Green"
            }
          ]
        },
        "EndValue": {
          "projections": [
            {
              "field": {
                "Measure": {
                  "Expression": {
                    "SourceRef": {
                      "Entity": "VW_DQ_RESULT_SUMMARY"
                    }
                  },
                  "Property": "DQ Target"
                }
              },
              "queryRef": "VW_DQ_RESULT_SUMMARY.DQ Target",
              "nativeQueryRef": "DQ Target"
            }
          ]
        }
      },
      "sortDefinition": {
        "sort": [
          {
            "field": {
              "Measure": {
                "Expression": {
                  "SourceRef": {
                    "Entity": "VW_DQ_RESULT_SUMMARY"
                  }
                },
                "Property": "DQ Score"
              }
            },
            "direction": "Descending"
          }
        ],
        "isDefaultSort": true
      }
    },
    "objects": {
      "target": [
        {
          "properties": {
            "show": {
              "expr": {
                "Literal": {
                  "Value": "true"
                }
              }
            }
          }
        }
      ],
      "range1": [
        {
          "properties": {
            "rangeColor": {
              "solid": {
                "color": {
                  "expr": {
                    "ThemeDataColor": {
                      "ColorId": 9,
                      "Percent": 0
                    }
                  }
                }
              }
            }
          }
        }
      ],
      "range2": [
        {
          "properties": {
            "rangeColor": {
              "solid": {
                "color": {
                  "expr": {
                    "ThemeDataColor": {
                      "ColorId": 9,
                      "Percent": 0.4
                    }
                  }
                }
              }
            }
          }
        }
      ],
      "range3": [
        {
          "properties": {
            "rangeColor": {
              "solid": {
                "color": {
                  "expr": {
                    "Literal": {
                      "Value": "'#64C374'"
                    }
                  }
                }
              }
            }
          }
        }
      ],
      "labels": [
        {
          "properties": {
            "round": {
              "expr": {
                "Literal": {
                  "Value": "true"
                }
              }
            }
          }
        }
      ],
      "calloutValue": [
        {
          "properties": {
            "show": {
              "expr": {
                "Literal": {
                  "Value": "true"
                }
              }
            }
          }
        }
      ]
    },
    "visualContainerObjects": {
      "title": [
        {
          "properties": {
            "show": {
              "expr": {
                "Literal": {
                  "Value": "true"
                }
              }
            },
            "text": {
              "expr": {
                "Literal": {
                  "Value": "'DQ Score'"
                }
              }
            },
            "alignment": {
              "expr": {
                "Literal": {
                  "Value": "'center'"
                }
              }
            }
          }
        }
      ],
      "spacing": [
        {
          "properties": {
            "verticalSpacing": {
              "expr": {
                "Literal": {
                  "Value": "10D"
                }
              }
            }
          }
        }
      ],
      "padding": [
        {
          "properties": {
            "top": {
              "expr": {
                "Literal": {
                  "Value": "5D"
                }
              }
            }
          }
        }
      ]
    },
    "drillFilterOtherVisuals": true
  }
}