{
  "$schema": "https://developer.microsoft.com/json-schemas/fabric/item/report/definition/visualContainer/2.5.0/schema.json",
  "name": "7214dcaaad3639dcebc5",
  "position": {
    "x": 303.84853727967749,
    "y": 16.428571428527718,
    "z": 24000,
    "height": 31.428571428571431,
    "width": 52.857142857142861,
    "tabOrder": 24000
  },
  "visual": {
    "visualType": "textbox",
    "objects": {
      "general": [
        {
          "properties": {
            "paragraphs": [
              {
                "textRuns": [
                  {
                    "value": "Year",
                    "textStyle": {
                      "fontFamily": "Candara",
                      "fontSize": "12pt",
                      "color": "#0483b6"
                    }
                  }
                ]
              }
            ]
          }
        }
      ]
    },
    "visualContainerObjects": {
      "background": [
        {
          "properties": {
            "show": {
              "expr": {
                "Literal": {
                  "Value": "false"
                }
              }
            }
          }
        }
      ]
    },
    "drillFilterOtherVisuals": true
  }
}