{
  "$schema": "https://developer.microsoft.com/json-schemas/fabric/item/report/definition/visualContainer/2.5.0/schema.json",
  "name": "1856ca206d3a5ebf1272",
  "position": {
    "x": 407.88764410447828,
    "y": 15.623809523809189,
    "z": 17000,
    "height": 33.81,
    "width": 77.28,
    "tabOrder": 17000
  },
  "visual": {
    "visualType": "textbox",
    "objects": {
      "general": [
        {
          "properties": {
            "paragraphs": [
              {
                "textRuns": [
                  {
                    "value": "Platform",
                    "textStyle": {
                      "fontFamily": "Candara",
                      "fontSize": "12pt",
                      "color": "#0483b6"
                    }
                  }
                ]
              }
            ]
          }
        }
      ]
    },
    "visualContainerObjects": {
      "background": [
        {
          "properties": {
            "show": {
              "expr": {
                "Literal": {
                  "Value": "false"
                }
              }
            }
          }
        }
      ]
    },
    "drillFilterOtherVisuals": true
  }
}