{
  "$schema": "https://developer.microsoft.com/json-schemas/fabric/item/report/definition/visualContainer/2.5.0/schema.json",
  "name": "497b02638d5ae001425b",
  "position": {
    "x": 935.41000000000008,
    "y": 207.69000000000003,
    "z": 21000,
    "height": 262.43,
    "width": 325.22,
    "tabOrder": 21000
  },
  "visual": {
    "visualType": "clusteredBarChart",
    "query": {
      "queryState": {
        "Category": {
          "projections": [
            {
              "field": {
                "Column": {
                  "Expression": {
                    "SourceRef": {
                      "Entity": "CLOUD_QUERY_HISTORY"
                    }
                  },
                  "Property": "QUERY_TYPE"
                }
              },
              "queryRef": "CLOUD_QUERY_HISTORY.QUERY_TYPE",
              "nativeQueryRef": "Query Type",
              "active": true,
              "displayName": "Query Type"
            }
          ]
        },
        "Y": {
          "projections": [
            {
              "field": {
                "Measure": {
                  "Expression": {
                    "SourceRef": {
                      "Entity": "CLOUD_QUERY_HISTORY"
                    }
                  },
                  "Property": "Total Queries"
                }
              },
              "queryRef": "CLOUD_QUERY_HISTORY.Total Queries",
              "nativeQueryRef": "Total Queries"
            }
          ]
        }
      },
      "sortDefinition": {
        "sort": [
          {
            "field": {
              "Measure": {
                "Expression": {
                  "SourceRef": {
                    "Entity": "CLOUD_QUERY_HISTORY"
                  }
                },
                "Property": "Total Queries"
              }
            },
            "direction": "Descending"
          }
        ],
        "isDefaultSort": true
      }
    },
    "objects": {
      "categoryAxis": [
        {
          "properties": {
            "showAxisTitle": {
              "expr": {
                "Literal": {
                  "Value": "false"
                }
              }
            },
            "labelColor": {
              "solid": {
                "color": {
                  "expr": {
                    "ThemeDataColor": {
                      "ColorId": 1,
                      "Percent": 0
                    }
                  }
                }
              }
            },
            "maxMarginFactor": {
              "expr": {
                "Literal": {
                  "Value": "44L"
                }
              }
            },
            "concatenateLabels": {
              "expr": {
                "Literal": {
                  "Value": "false"
                }
              }
            },
            "fontSize": {
              "expr": {
                "Literal": {
                  "Value": "10D"
                }
              }
            },
            "preferredCategoryWidth": {
              "expr": {
                "Literal": {
                  "Value": "20D"
                }
              }
            }
          }
        }
      ],
      "valueAxis": [
        {
          "properties": {
            "showAxisTitle": {
              "expr": {
                "Literal": {
                  "Value": "false"
                }
              }
            },
            "show": {
              "expr": {
                "Literal": {
                  "Value": "false"
                }
              }
            },
            "gridlineShow": {
              "expr": {
                "Literal": {
                  "Value": "false"
                }
              }
            }
          }
        }
      ],
      "labels": [
        {
          "properties": {
            "show": {
              "expr": {
                "Literal": {
                  "Value": "true"
                }
              }
            },
            "labelDisplayUnits": {
              "expr": {
                "Literal": {
                  "Value": "1D"
                }
              }
            },
            "labelPrecision": {
              "expr": {
                "Literal": {
                  "Value": "0L"
                }
              }
            },
            "labelPosition": {
              "expr": {
                "Literal": {
                  "Value": "'InsideEnd'"
                }
              }
            },
            "labelOverflow": {
              "expr": {
                "Literal": {
                  "Value": "false"
                }
              }
            }
          }
        }
      ]
    },
    "visualContainerObjects": {
      "title": [
        {
          "properties": {
            "text": {
              "expr": {
                "Literal": {
                  "Value": "'Top 10 Exceptional Queries'"
                }
              }
            },
            "fontSize": {
              "expr": {
                "Literal": {
                  "Value": "12D"
                }
              }
            },
            "alignment": {
              "expr": {
                "Literal": {
                  "Value": "'center'"
                }
              }
            }
          }
        }
      ],
      "background": [
        {
          "properties": {
            "show": {
              "expr": {
                "Literal": {
                  "Value": "false"
                }
              }
            }
          }
        }
      ],
      "padding": [
        {
          "properties": {
            "right": {
              "expr": {
                "Literal": {
                  "Value": "0D"
                }
              }
            },
            "left": {
              "expr": {
                "Literal": {
                  "Value": "2D"
                }
              }
            },
            "bottom": {
              "expr": {
                "Literal": {
                  "Value": "3D"
                }
              }
            }
          }
        }
      ],
      "divider": [
        {
          "properties": {
            "show": {
              "expr": {
                "Literal": {
                  "Value": "false"
                }
              }
            }
          }
        }
      ]
    },
    "drillFilterOtherVisuals": true
  },
  "filterConfig": {
    "filters": [
      {
        "name": "Filterde3afcdf040569cf49ef",
        "ordinal": 0,
        "field": {
          "Column": {
            "Expression": {
              "SourceRef": {
                "Entity": "CLOUD_QUERY_HISTORY"
              }
            },
            "Property": "QUERY_TYPE"
          }
        },
        "type": "Advanced",
        "filter": {
          "Version": 2,
          "From": [
            {
              "Name": "c",
              "Entity": "CLOUD_QUERY_HISTORY",
              "Type": 0
            }
          ],
          "Where": [
            {
              "Condition": {
                "Or": {
                  "Left": {
                    "Or": {
                      "Left": {
                        "Or": {
                          "Left": {
                            "Or": {
                              "Left": {
                                "Or": {
                                  "Left": {
                                    "Or": {
                                      "Left": {
                                        "Or": {
                                          "Left": {
                                            "Or": {
                                              "Left": {
                                                "Or": {
                                                  "Left": {
                                                    "Or": {
                                                      "Left": {
                                                        "Or": {
                                                          "Left": {
                                                            "Contains": {
                                                              "Left": {
                                                                "Column": {
                                                                  "Expression": {
                                                                    "SourceRef": {
                                                                      "Source": "c"
                                                                    }
                                                                  },
                                                                  "Property": "QUERY_TYPE"
                                                                }
                                                              },
                                                              "Right": {
                                                                "Literal": {
                                                                  "Value": "'ALTER'"
                                                                }
                                                              }
                                                            }
                                                          },
                                                          "Right": {
                                                            "Contains": {
                                                              "Left": {
                                                                "Column": {
                                                                  "Expression": {
                                                                    "SourceRef": {
                                                                      "Source": "c"
                                                                    }
                                                                  },
                                                                  "Property": "QUERY_TYPE"
                                                                }
                                                              },
                                                              "Right": {
                                                                "Literal": {
                                                                  "Value": "'DELETE'"
                                                                }
                                                              }
                                                            }
                                                          }
                                                        }
                                                      },
                                                      "Right": {
                                                        "Contains": {
                                                          "Left": {
                                                            "Column": {
                                                              "Expression": {
                                                                "SourceRef": {
                                                                  "Source": "c"
                                                                }
                                                              },
                                                              "Property": "QUERY_TYPE"
                                                            }
                                                          },
                                                          "Right": {
                                                            "Literal": {
                                                              "Value": "'DROP'"
                                                            }
                                                          }
                                                        }
                                                      }
                                                    }
                                                  },
                                                  "Right": {
                                                    "Contains": {
                                                      "Left": {
                                                        "Column": {
                                                          "Expression": {
                                                            "SourceRef": {
                                                              "Source": "c"
                                                            }
                                                          },
                                                          "Property": "QUERY_TYPE"
                                                        }
                                                      },
                                                      "Right": {
                                                        "Literal": {
                                                          "Value": "'GRANT'"
                                                        }
                                                      }
                                                    }
                                                  }
                                                }
                                              },
                                              "Right": {
                                                "Contains": {
                                                  "Left": {
                                                    "Column": {
                                                      "Expression": {
                                                        "SourceRef": {
                                                          "Source": "c"
                                                        }
                                                      },
                                                      "Property": "QUERY_TYPE"
                                                    }
                                                  },
                                                  "Right": {
                                                    "Literal": {
                                                      "Value": "'MERGE'"
                                                    }
                                                  }
                                                }
                                              }
                                            }
                                          },
                                          "Right": {
                                            "Contains": {
                                              "Left": {
                                                "Column": {
                                                  "Expression": {
                                                    "SourceRef": {
                                                      "Source": "c"
                                                    }
                                                  },
                                                  "Property": "QUERY_TYPE"
                                                }
                                              },
                                              "Right": {
                                                "Literal": {
                                                  "Value": "'PUT'"
                                                }
                                              }
                                            }
                                          }
                                        }
                                      },
                                      "Right": {
                                        "Contains": {
                                          "Left": {
                                            "Column": {
                                              "Expression": {
                                                "SourceRef": {
                                                  "Source": "c"
                                                }
                                              },
                                              "Property": "QUERY_TYPE"
                                            }
                                          },
                                          "Right": {
                                            "Literal": {
                                              "Value": "'REMOVE'"
                                            }
                                          }
                                        }
                                      }
                                    }
                                  },
                                  "Right": {
                                    "Contains": {
                                      "Left": {
                                        "Column": {
                                          "Expression": {
                                            "SourceRef": {
                                              "Source": "c"
                                            }
                                          },
                                          "Property": "QUERY_TYPE"
                                        }
                                      },
                                      "Right": {
                                        "Literal": {
                                          "Value": "'RENAME_COLUMN'"
                                        }
                                      }
                                    }
                                  }
                                }
                              },
                              "Right": {
                                "Contains": {
                                  "Left": {
                                    "Column": {
                                      "Expression": {
                                        "SourceRef": {
                                          "Source": "c"
                                        }
                                      },
                                      "Property": "QUERY_TYPE"
                                    }
                                  },
                                  "Right": {
                                    "Literal": {
                                      "Value": "'RENAME'"
                                    }
                                  }
                                }
                              }
                            }
                          },
                          "Right": {
                            "Contains": {
                              "Left": {
                                "Column": {
                                  "Expression": {
                                    "SourceRef": {
                                      "Source": "c"
                                    }
                                  },
                                  "Property": "QUERY_TYPE"
                                }
                              },
                              "Right": {
                                "Literal": {
                                  "Value": "'REVOKE'"
                                }
                              }
                            }
                          }
                        }
                      },
                      "Right": {
                        "Contains": {
                          "Left": {
                            "Column": {
                              "Expression": {
                                "SourceRef": {
                                  "Source": "c"
                                }
                              },
                              "Property": "QUERY_TYPE"
                            }
                          },
                          "Right": {
                            "Literal": {
                              "Value": "'ROLLBACK'"
                            }
                          }
                        }
                      }
                    }
                  },
                  "Right": {
                    "Contains": {
                      "Left": {
                        "Column": {
                          "Expression": {
                            "SourceRef": {
                              "Source": "c"
                            }
                          },
                          "Property": "QUERY_TYPE"
                        }
                      },
                      "Right": {
                        "Literal": {
                          "Value": "'TRUNCATE'"
                        }
                      }
                    }
                  }
                }
              }
            }
          ]
        },
        "isHiddenInViewMode": true,
        "objects": {
          "general": [
            {
              "properties": {}
            }
          ]
        }
      },
      {
        "name": "Filter2486630d52e82fcd1d11",
        "ordinal": 1,
        "field": {
          "Column": {
            "Expression": {
              "SourceRef": {
                "Entity": "CLOUD_QUERY_HISTORY"
              }
            },
            "Property": "QUERY_TYPE"
          }
        },
        "type": "TopN",
        "filter": {
          "Version": 2,
          "From": [
            {
              "Name": "subquery",
              "Expression": {
                "Subquery": {
                  "Query": {
                    "Version": 2,
                    "From": [
                      {
                        "Name": "c",
                        "Entity": "CLOUD_QUERY_HISTORY",
                        "Type": 0
                      }
                    ],
                    "Select": [
                      {
                        "Column": {
                          "Expression": {
                            "SourceRef": {
                              "Source": "c"
                            }
                          },
                          "Property": "QUERY_TYPE"
                        },
                        "Name": "field"
                      }
                    ],
                    "OrderBy": [
                      {
                        "Direction": 2,
                        "Expression": {
                          "Measure": {
                            "Expression": {
                              "SourceRef": {
                                "Source": "c"
                              }
                            },
                            "Property": "Total Queries"
                          }
                        }
                      }
                    ],
                    "Top": 10
                  }
                }
              },
              "Type": 2
            },
            {
              "Name": "c",
              "Entity": "CLOUD_QUERY_HISTORY",
              "Type": 0
            }
          ],
          "Where": [
            {
              "Condition": {
                "In": {
                  "Expressions": [
                    {
                      "Column": {
                        "Expression": {
                          "SourceRef": {
                            "Source": "c"
                          }
                        },
                        "Property": "QUERY_TYPE"
                      }
                    }
                  ],
                  "Table": {
                    "SourceRef": {
                      "Source": "subquery"
                    }
                  }
                }
              }
            }
          ]
        },
        "howCreated": "User",
        "isHiddenInViewMode": true
      },
      {
        "name": "Filterc2f2aa06bb2b2a306900",
        "ordinal": 2,
        "field": {
          "Measure": {
            "Expression": {
              "SourceRef": {
                "Entity": "CLOUD_QUERY_HISTORY"
              }
            },
            "Property": "Total Queries"
          }
        },
        "type": "Advanced"
      }
    ],
    "filterSortOrder": "Custom"
  }
}