{
  "$schema": "https://developer.microsoft.com/json-schemas/fabric/item/report/definition/page/2.0.0/schema.json",
  "name": "ReportSectionb90e0ef826b9aec939d5",
  "displayName": "Platform Observability",
  "displayOption": "FitToPage",
  "height": 805,
  "width": 1280,
  "pageBinding": {
    "name": "Pod6",
    "type": "Default",
    "parameters": [],
    "referenceScope": "CrossReport"
  },
  "objects": {
    "outspace": [
      {
        "properties": {
          "image": {
            "image": {
              "name": {
                "expr": {
                  "Literal": {
                    "Value": "''"
                  }
                }
              },
              "url": {
                "expr": {
                  "Literal": {
                    "Value": "''"
                  }
                }
              }
            }
          }
        }
      }
    ],
    "background": [
      {
        "properties": {
          "image": {
            "image": {
              "name": {
                "expr": {
                  "Literal": {
                    "Value": "'OBS Layout 2OBS.svg'"
                  }
                }
              },
              "url": {
                "expr": {
                  "ResourcePackageItem": {
                    "PackageName": "RegisteredResources",
                    "PackageType": 1,
                    "ItemName": "OBS_Layout_2OBS2525857522018433.svg"
                  }
                }
              },
              "scaling": {
                "expr": {
                  "Literal": {
                    "Value": "'Normal'"
                  }
                }
              }
            }
          }
        }
      }
    ]
  },
  "visualInteractions": [
    {
      "source": "9fbfef340191175e5f0d",
      "target": "7cecd2e9830d27636478",
      "type": "DataFilter"
    },
    {
      "source": "7cecd2e9830d27636478",
      "target": "9fbfef340191175e5f0d",
      "type": "DataFilter"
    }
  ]
}