{
  "$schema": "https://developer.microsoft.com/json-schemas/fabric/item/report/definition/bookmark/2.0.0/schema.json",
  "displayName": "Platform Info On",
  "name": "Bookmark73246f45b64bcc1448ca",
  "options": {
    "targetVisualNames": [
      "2eaa2568a47a93968277"
    ]
  },
  "explorationState": {
    "version": "1.3",
    "activeSection": "ReportSectionb90e0ef826b9aec939d5",
    "sections": {
      "ReportSectionb90e0ef826b9aec939d5": {
        "visualContainers": {
          "64f26536d59cbd89bfb6": {
            "singleVisual": {
              "visualType": "actionButton",
              "objects": {}
            }
          },
          "466a647996ec8b9cfbe1": {
            "singleVisual": {
              "visualType": "actionButton",
              "objects": {}
            }
          },
          "597d4544466fe4e34b4d": {
            "filters": {
              "byExpr": [
                {
                  "name": "45ba47c50469455edc14",
                  "type": "Categorical",
                  "expression": {
                    "Column": {
                      "Expression": {
                        "SourceRef": {
                          "Entity": "CLOUD_CREDIT_USAGE"
                        }
                      },
                      "Property": "WAREHOUSE_NAME"
                    }
                  },
                  "howCreated": 0
                }
              ]
            },
            "singleVisual": {
              "visualType": "slicer",
              "objects": {
                "merge": {
                  "data": [
                    {
                      "properties": {
                        "mode": {
                          "expr": {
                            "Literal": {
                              "Value": "'Dropdown'"
                            }
                          }
                        }
                      }
                    }
                  ]
                }
              },
              "activeProjections": {
                "Values": [
                  {
                    "Column": {
                      "Expression": {
                        "SourceRef": {
                          "Entity": "CLOUD_CREDIT_USAGE"
                        }
                      },
                      "Property": "WAREHOUSE_NAME"
                    }
                  }
                ]
              }
            }
          },
          "1bb01b83995685f56723": {
            "singleVisual": {
              "visualType": "textbox",
              "objects": {}
            }
          },
          "58f576471e525224b5f0": {
            "singleVisual": {
              "visualType": "textbox",
              "objects": {}
            }
          },
          "9a78634b3b61992d6b04": {
            "singleVisual": {
              "visualType": "textbox",
              "objects": {}
            }
          },
          "0f240404d58956871cdd": {
            "singleVisual": {
              "visualType": "textbox",
              "objects": {}
            }
          },
          "c890518ef72d686bd7dd": {
            "singleVisual": {
              "visualType": "textbox",
              "objects": {}
            }
          },
          "a0df73429813c1c7440c": {
            "singleVisual": {
              "visualType": "textbox",
              "objects": {}
            }
          },
          "a5d92676c2e5c21861f7": {
            "singleVisual": {
              "visualType": "image",
              "objects": {}
            }
          },
          "bd25793371ba2e3c105f": {
            "filters": {
              "byExpr": [
                {
                  "name": "Filterc3c0d0d660e5bb3bd66c",
                  "type": "Advanced",
                  "expression": {
                    "Measure": {
                      "Expression": {
                        "SourceRef": {
                          "Entity": "CLOUD_CREDIT_USAGE"
                        }
                      },
                      "Property": "Hide Matillion"
                    }
                  },
                  "howCreated": 1
                }
              ]
            },
            "singleVisual": {
              "visualType": "card",
              "objects": {},
              "orderBy": [
                {
                  "Direction": 2,
                  "Expression": {
                    "Measure": {
                      "Expression": {
                        "SourceRef": {
                          "Entity": "CLOUD_CREDIT_USAGE"
                        }
                      },
                      "Property": "Total Warehouse_Cloud_Credit_Usage"
                    }
                  }
                }
              ]
            }
          },
          "4c41e0625e1f9d4b6b03": {
            "singleVisual": {
              "visualType": "card",
              "objects": {},
              "orderBy": [
                {
                  "Direction": 2,
                  "Expression": {
                    "Measure": {
                      "Expression": {
                        "SourceRef": {
                          "Entity": "CLOUD_CREDIT_USAGE"
                        }
                      },
                      "Property": "Total Credits Used"
                    }
                  }
                }
              ]
            }
          },
          "13793cc7ffba9aa16ef1": {
            "singleVisual": {
              "visualType": "card",
              "objects": {},
              "orderBy": [
                {
                  "Direction": 2,
                  "Expression": {
                    "Measure": {
                      "Expression": {
                        "SourceRef": {
                          "Entity": "CLOUD_CREDIT_USAGE"
                        }
                      },
                      "Property": "Total Cost"
                    }
                  }
                }
              ]
            }
          },
          "2854d2888ea08066b29d": {
            "singleVisual": {
              "visualType": "card",
              "objects": {},
              "orderBy": [
                {
                  "Direction": 2,
                  "Expression": {
                    "Measure": {
                      "Expression": {
                        "SourceRef": {
                          "Entity": "CLOUD_CREDIT_USAGE"
                        }
                      },
                      "Property": "Cloude Service cost"
                    }
                  }
                }
              ]
            }
          },
          "5b6d7e2d8101f7a44458": {
            "singleVisual": {
              "visualType": "card",
              "objects": {},
              "orderBy": [
                {
                  "Direction": 2,
                  "Expression": {
                    "Measure": {
                      "Expression": {
                        "SourceRef": {
                          "Entity": "CLOUD_CREDIT_USAGE"
                        }
                      },
                      "Property": "Compute Cost"
                    }
                  }
                }
              ]
            }
          },
          "0ebeaf170a0431ca7ac0": {
            "singleVisual": {
              "visualType": "shape",
              "objects": {}
            }
          },
          "1856ca206d3a5ebf1272": {
            "singleVisual": {
              "visualType": "textbox",
              "objects": {}
            }
          },
          "8e05cefc4d63daf86a58": {
            "filters": {
              "byExpr": [
                {
                  "name": "1fc78fa29c1239d26aaa",
                  "type": "Categorical",
                  "expression": {
                    "Column": {
                      "Expression": {
                        "SourceRef": {
                          "Entity": "CLOUD_CREDIT_USAGE"
                        }
                      },
                      "Property": "PLATFORM_NAME"
                    }
                  },
                  "howCreated": 0
                }
              ]
            },
            "singleVisual": {
              "visualType": "slicer",
              "objects": {
                "merge": {
                  "general": [
                    {
                      "properties": {
                        "filter": {
                          "filter": {
                            "Version": 2,
                            "From": [
                              {
                                "Name": "c",
                                "Entity": "CLOUD_CREDIT_USAGE",
                                "Type": 0
                              }
                            ],
                            "Where": [
                              {
                                "Condition": {
                                  "In": {
                                    "Expressions": [
                                      {
                                        "Column": {
                                          "Expression": {
                                            "SourceRef": {
                                              "Source": "c"
                                            }
                                          },
                                          "Property": "PLATFORM_NAME"
                                        }
                                      }
                                    ],
                                    "Values": [
                                      [
                                        {
                                          "Literal": {
                                            "Value": "'SNOWFLAKE'"
                                          }
                                        }
                                      ]
                                    ]
                                  }
                                }
                              }
                            ]
                          }
                        }
                      }
                    }
                  ],
                  "data": [
                    {
                      "properties": {
                        "mode": {
                          "expr": {
                            "Literal": {
                              "Value": "'Dropdown'"
                            }
                          }
                        }
                      }
                    }
                  ]
                }
              },
              "activeProjections": {
                "Values": [
                  {
                    "Column": {
                      "Expression": {
                        "SourceRef": {
                          "Entity": "CLOUD_CREDIT_USAGE"
                        }
                      },
                      "Property": "PLATFORM_NAME"
                    }
                  }
                ]
              }
            }
          },
          "7cecd2e9830d27636478": {
            "filters": {
              "byName": {
                "Filter413563c6921be7c59323": {
                  "name": "Filter413563c6921be7c59323",
                  "type": "Advanced",
                  "filter": {
                    "Version": 2,
                    "From": [
                      {
                        "Name": "c",
                        "Entity": "CLOUD_CREDIT_USAGE",
                        "Type": 0
                      }
                    ],
                    "Where": [
                      {
                        "Condition": {
                          "Not": {
                            "Expression": {
                              "Comparison": {
                                "ComparisonKind": 0,
                                "Left": {
                                  "Column": {
                                    "Expression": {
                                      "SourceRef": {
                                        "Source": "c"
                                      }
                                    },
                                    "Property": "WAREHOUSE_NAME"
                                  }
                                },
                                "Right": {
                                  "Literal": {
                                    "Value": "null"
                                  }
                                }
                              }
                            }
                          }
                        }
                      }
                    ]
                  },
                  "expression": {
                    "Column": {
                      "Expression": {
                        "SourceRef": {
                          "Entity": "CLOUD_CREDIT_USAGE"
                        }
                      },
                      "Property": "WAREHOUSE_NAME"
                    }
                  },
                  "howCreated": 0
                }
              },
              "byExpr": [
                {
                  "name": "Filter61d2368262af7a62855d",
                  "type": "Advanced",
                  "filter": {
                    "Version": 2,
                    "From": [
                      {
                        "Name": "c",
                        "Entity": "CLOUD_CREDIT_USAGE",
                        "Type": 0
                      }
                    ],
                    "Where": [
                      {
                        "Condition": {
                          "Comparison": {
                            "ComparisonKind": 0,
                            "Left": {
                              "Measure": {
                                "Expression": {
                                  "SourceRef": {
                                    "Source": "c"
                                  }
                                },
                                "Property": "Hide Matillion"
                              }
                            },
                            "Right": {
                              "Literal": {
                                "Value": "0L"
                              }
                            }
                          }
                        }
                      }
                    ]
                  },
                  "expression": {
                    "Measure": {
                      "Expression": {
                        "SourceRef": {
                          "Entity": "CLOUD_CREDIT_USAGE"
                        }
                      },
                      "Property": "Hide Matillion"
                    }
                  },
                  "howCreated": 1
                },
                {
                  "name": "d2b9ce54a79994adec16",
                  "type": "Advanced",
                  "expression": {
                    "Aggregation": {
                      "Expression": {
                        "Column": {
                          "Expression": {
                            "SourceRef": {
                              "Entity": "CLOUD_CREDIT_USAGE"
                            }
                          },
                          "Property": "CREDITS_USED"
                        }
                      },
                      "Function": 0
                    }
                  },
                  "howCreated": 0
                }
              ]
            },
            "singleVisual": {
              "visualType": "donutChart",
              "objects": {},
              "orderBy": [
                {
                  "Direction": 2,
                  "Expression": {
                    "Aggregation": {
                      "Expression": {
                        "Column": {
                          "Expression": {
                            "SourceRef": {
                              "Entity": "CLOUD_CREDIT_USAGE"
                            }
                          },
                          "Property": "CREDITS_USED"
                        }
                      },
                      "Function": 0
                    }
                  }
                }
              ],
              "activeProjections": {
                "Category": [
                  {
                    "Column": {
                      "Expression": {
                        "SourceRef": {
                          "Entity": "CLOUD_CREDIT_USAGE"
                        }
                      },
                      "Property": "WAREHOUSE_NAME"
                    }
                  }
                ]
              }
            }
          },
          "9fbfef340191175e5f0d": {
            "filters": {
              "byName": {
                "Filterb18af380e6e1a6696c4a": {
                  "name": "Filterb18af380e6e1a6696c4a",
                  "type": "Categorical",
                  "expression": {
                    "HierarchyLevel": {
                      "Expression": {
                        "Hierarchy": {
                          "Expression": {
                            "PropertyVariationSource": {
                              "Expression": {
                                "SourceRef": {
                                  "Entity": "CLOUD_CREDIT_USAGE"
                                }
                              },
                              "Name": "Variation",
                              "Property": "START_DATE"
                            }
                          },
                          "Hierarchy": "Date Hierarchy"
                        }
                      },
                      "Level": "Month"
                    }
                  },
                  "howCreated": 1
                }
              },
              "byExpr": [
                {
                  "name": "d21147b5331bf27627e6",
                  "type": "Advanced",
                  "expression": {
                    "HierarchyLevel": {
                      "Expression": {
                        "Hierarchy": {
                          "Expression": {
                            "PropertyVariationSource": {
                              "Expression": {
                                "SourceRef": {
                                  "Entity": "CLOUD_CREDIT_USAGE"
                                }
                              },
                              "Name": "Variation",
                              "Property": "START_DATE"
                            }
                          },
                          "Hierarchy": "Date Hierarchy"
                        }
                      },
                      "Level": "Year"
                    }
                  },
                  "howCreated": 0
                }
              ]
            },
            "singleVisual": {
              "visualType": "clusteredColumnChart",
              "objects": {},
              "activeProjections": {
                "Category": [
                  {
                    "HierarchyLevel": {
                      "Expression": {
                        "Hierarchy": {
                          "Expression": {
                            "PropertyVariationSource": {
                              "Expression": {
                                "SourceRef": {
                                  "Entity": "CLOUD_CREDIT_USAGE"
                                }
                              },
                              "Name": "Variation",
                              "Property": "START_DATE"
                            }
                          },
                          "Hierarchy": "Date Hierarchy"
                        }
                      },
                      "Level": "Month"
                    }
                  }
                ]
              }
            }
          },
          "4ead0333d4eb8c6612a8": {
            "singleVisual": {
              "visualType": "clusteredColumnChart",
              "objects": {},
              "activeProjections": {
                "Category": [
                  {
                    "HierarchyLevel": {
                      "Expression": {
                        "Hierarchy": {
                          "Expression": {
                            "PropertyVariationSource": {
                              "Expression": {
                                "SourceRef": {
                                  "Entity": "CLOUD_CREDIT_USAGE"
                                }
                              },
                              "Name": "Variation",
                              "Property": "START_TIME"
                            }
                          },
                          "Hierarchy": "Date Hierarchy"
                        }
                      },
                      "Level": "Year"
                    }
                  },
                  {
                    "HierarchyLevel": {
                      "Expression": {
                        "Hierarchy": {
                          "Expression": {
                            "PropertyVariationSource": {
                              "Expression": {
                                "SourceRef": {
                                  "Entity": "CLOUD_CREDIT_USAGE"
                                }
                              },
                              "Name": "Variation",
                              "Property": "START_TIME"
                            }
                          },
                          "Hierarchy": "Date Hierarchy"
                        }
                      },
                      "Level": "Month"
                    }
                  }
                ]
              }
            }
          },
          "2eaa2568a47a93968277": {
            "filters": {
              "byName": {
                "Filter048fe2cfdd5ff76e7e87": {
                  "name": "Filter048fe2cfdd5ff76e7e87",
                  "type": "Categorical",
                  "expression": {
                    "Column": {
                      "Expression": {
                        "SourceRef": {
                          "Entity": "CLOUD_CREDIT_USAGE"
                        }
                      },
                      "Property": "START_DATE"
                    }
                  },
                  "howCreated": 1
                }
              },
              "byExpr": [
                {
                  "name": "4718a205f97c37530c49",
                  "type": "Advanced",
                  "expression": {
                    "HierarchyLevel": {
                      "Expression": {
                        "Hierarchy": {
                          "Expression": {
                            "PropertyVariationSource": {
                              "Expression": {
                                "SourceRef": {
                                  "Entity": "CLOUD_CREDIT_USAGE"
                                }
                              },
                              "Name": "Variation",
                              "Property": "START_DATE"
                            }
                          },
                          "Hierarchy": "Date Hierarchy"
                        }
                      },
                      "Level": "Year"
                    }
                  },
                  "howCreated": 0
                },
                {
                  "name": "7f97577d65717823cb20",
                  "type": "Categorical",
                  "expression": {
                    "HierarchyLevel": {
                      "Expression": {
                        "Hierarchy": {
                          "Expression": {
                            "PropertyVariationSource": {
                              "Expression": {
                                "SourceRef": {
                                  "Entity": "CLOUD_CREDIT_USAGE"
                                }
                              },
                              "Name": "Variation",
                              "Property": "START_DATE"
                            }
                          },
                          "Hierarchy": "Date Hierarchy"
                        }
                      },
                      "Level": "Quarter"
                    }
                  },
                  "howCreated": 0
                },
                {
                  "name": "d1f7e019cae1d40575d7",
                  "type": "Categorical",
                  "expression": {
                    "HierarchyLevel": {
                      "Expression": {
                        "Hierarchy": {
                          "Expression": {
                            "PropertyVariationSource": {
                              "Expression": {
                                "SourceRef": {
                                  "Entity": "CLOUD_CREDIT_USAGE"
                                }
                              },
                              "Name": "Variation",
                              "Property": "START_DATE"
                            }
                          },
                          "Hierarchy": "Date Hierarchy"
                        }
                      },
                      "Level": "Month"
                    }
                  },
                  "howCreated": 0
                },
                {
                  "name": "0a005394805d690f4b13",
                  "type": "Advanced",
                  "expression": {
                    "HierarchyLevel": {
                      "Expression": {
                        "Hierarchy": {
                          "Expression": {
                            "PropertyVariationSource": {
                              "Expression": {
                                "SourceRef": {
                                  "Entity": "CLOUD_CREDIT_USAGE"
                                }
                              },
                              "Name": "Variation",
                              "Property": "START_DATE"
                            }
                          },
                          "Hierarchy": "Date Hierarchy"
                        }
                      },
                      "Level": "Day"
                    }
                  },
                  "howCreated": 0
                }
              ]
            },
            "singleVisual": {
              "visualType": "lineChart",
              "objects": {},
              "orderBy": [
                {
                  "Direction": 1,
                  "Expression": {
                    "Column": {
                      "Expression": {
                        "SourceRef": {
                          "Entity": "CLOUD_CREDIT_USAGE"
                        }
                      },
                      "Property": "START_DATE"
                    }
                  }
                }
              ],
              "activeProjections": {
                "Category": [
                  {
                    "HierarchyLevel": {
                      "Expression": {
                        "Hierarchy": {
                          "Expression": {
                            "PropertyVariationSource": {
                              "Expression": {
                                "SourceRef": {
                                  "Entity": "CLOUD_CREDIT_USAGE"
                                }
                              },
                              "Name": "Variation",
                              "Property": "START_DATE"
                            }
                          },
                          "Hierarchy": "Date Hierarchy"
                        }
                      },
                      "Level": "Year"
                    }
                  },
                  {
                    "HierarchyLevel": {
                      "Expression": {
                        "Hierarchy": {
                          "Expression": {
                            "PropertyVariationSource": {
                              "Expression": {
                                "SourceRef": {
                                  "Entity": "CLOUD_CREDIT_USAGE"
                                }
                              },
                              "Name": "Variation",
                              "Property": "START_DATE"
                            }
                          },
                          "Hierarchy": "Date Hierarchy"
                        }
                      },
                      "Level": "Quarter"
                    }
                  },
                  {
                    "HierarchyLevel": {
                      "Expression": {
                        "Hierarchy": {
                          "Expression": {
                            "PropertyVariationSource": {
                              "Expression": {
                                "SourceRef": {
                                  "Entity": "CLOUD_CREDIT_USAGE"
                                }
                              },
                              "Name": "Variation",
                              "Property": "START_DATE"
                            }
                          },
                          "Hierarchy": "Date Hierarchy"
                        }
                      },
                      "Level": "Month"
                    }
                  }
                ]
              }
            }
          },
          "227a06dae5c694503fb4": {
            "singleVisual": {
              "visualType": "image",
              "objects": {}
            }
          },
          "0e019d5a894348bbc6ed": {
            "singleVisual": {
              "visualType": "image",
              "objects": {}
            }
          },
          "fe6d1a407621846c54ac": {
            "singleVisual": {
              "visualType": "actionButton",
              "objects": {}
            }
          },
          "c2b01d9929738b30e0ba": {
            "singleVisual": {
              "visualType": "textbox",
              "objects": {}
            }
          },
          "f7683854b0546a8dd363": {
            "singleVisual": {
              "visualType": "actionButton",
              "objects": {},
              "display": {
                "mode": "hidden"
              }
            }
          },
          "3f070740d6644c330c70": {
            "singleVisual": {
              "visualType": "actionButton",
              "objects": {},
              "display": {
                "mode": "hidden"
              }
            }
          },
          "c08d7af5165147d80a8a": {
            "singleVisual": {
              "visualType": "shape",
              "objects": {}
            }
          },
          "6d03458d00056d0492e5": {
            "singleVisual": {
              "visualType": "shape",
              "objects": {}
            }
          },
          "a050b9bd3c53cdc28d9b": {
            "singleVisual": {
              "visualType": "shape",
              "objects": {}
            }
          },
          "908c8c74b0983cb5c764": {
            "singleVisual": {
              "visualType": "shape",
              "objects": {}
            }
          },
          "1383c939709490c76bc8": {
            "singleVisual": {
              "visualType": "shape",
              "objects": {}
            }
          },
          "9835f518ecd058383503": {
            "singleVisual": {
              "visualType": "actionButton",
              "objects": {}
            }
          },
          "b5fadd8537cc06c2cc43": {
            "filters": {
              "byExpr": [
                {
                  "name": "490835dc8b5b3adf558f",
                  "type": "Categorical",
                  "expression": {
                    "Column": {
                      "Expression": {
                        "SourceRef": {
                          "Entity": "CLOUD_CREDIT_USAGE"
                        }
                      },
                      "Property": "START_TIME"
                    }
                  },
                  "howCreated": 0
                }
              ]
            },
            "singleVisual": {
              "visualType": "slicer",
              "objects": {
                "merge": {
                  "data": [
                    {
                      "properties": {
                        "mode": {
                          "expr": {
                            "Literal": {
                              "Value": "'Between'"
                            }
                          }
                        }
                      }
                    }
                  ]
                }
              },
              "activeProjections": {
                "Values": [
                  {
                    "Column": {
                      "Expression": {
                        "SourceRef": {
                          "Entity": "CLOUD_CREDIT_USAGE"
                        }
                      },
                      "Property": "START_TIME"
                    }
                  }
                ]
              }
            }
          },
          "a1fdc4e507240277d27b": {
            "filters": {
              "byName": {
                "Filter048fe2cfdd5ff76e7e87": {
                  "name": "Filter048fe2cfdd5ff76e7e87",
                  "type": "Categorical",
                  "expression": {
                    "Column": {
                      "Expression": {
                        "SourceRef": {
                          "Entity": "CLOUD_CREDIT_USAGE"
                        }
                      },
                      "Property": "START_DATE"
                    }
                  },
                  "howCreated": 1
                },
                "Filterc7e46d79a114f3c7dd0d": {
                  "name": "Filterc7e46d79a114f3c7dd0d",
                  "type": "Advanced",
                  "expression": {
                    "Measure": {
                      "Expression": {
                        "SourceRef": {
                          "Entity": "CLOUD_CREDIT_USAGE"
                        }
                      },
                      "Property": "Total Cost"
                    }
                  },
                  "howCreated": 1
                }
              },
              "byExpr": [
                {
                  "name": "b891d72d20440bd27e66",
                  "type": "Advanced",
                  "expression": {
                    "HierarchyLevel": {
                      "Expression": {
                        "Hierarchy": {
                          "Expression": {
                            "PropertyVariationSource": {
                              "Expression": {
                                "SourceRef": {
                                  "Entity": "CLOUD_CREDIT_USAGE"
                                }
                              },
                              "Name": "Variation",
                              "Property": "START_DATE"
                            }
                          },
                          "Hierarchy": "Date Hierarchy"
                        }
                      },
                      "Level": "Year"
                    }
                  },
                  "howCreated": 0
                },
                {
                  "name": "6176ec365a5d8240931b",
                  "type": "Categorical",
                  "expression": {
                    "HierarchyLevel": {
                      "Expression": {
                        "Hierarchy": {
                          "Expression": {
                            "PropertyVariationSource": {
                              "Expression": {
                                "SourceRef": {
                                  "Entity": "CLOUD_CREDIT_USAGE"
                                }
                              },
                              "Name": "Variation",
                              "Property": "START_DATE"
                            }
                          },
                          "Hierarchy": "Date Hierarchy"
                        }
                      },
                      "Level": "Quarter"
                    }
                  },
                  "howCreated": 0
                },
                {
                  "name": "cab5e9a1acc19fd38455",
                  "type": "Categorical",
                  "expression": {
                    "HierarchyLevel": {
                      "Expression": {
                        "Hierarchy": {
                          "Expression": {
                            "PropertyVariationSource": {
                              "Expression": {
                                "SourceRef": {
                                  "Entity": "CLOUD_CREDIT_USAGE"
                                }
                              },
                              "Name": "Variation",
                              "Property": "START_DATE"
                            }
                          },
                          "Hierarchy": "Date Hierarchy"
                        }
                      },
                      "Level": "Month"
                    }
                  },
                  "howCreated": 0
                },
                {
                  "name": "5ee5ac6679f8ae2748f7",
                  "type": "Advanced",
                  "expression": {
                    "HierarchyLevel": {
                      "Expression": {
                        "Hierarchy": {
                          "Expression": {
                            "PropertyVariationSource": {
                              "Expression": {
                                "SourceRef": {
                                  "Entity": "CLOUD_CREDIT_USAGE"
                                }
                              },
                              "Name": "Variation",
                              "Property": "START_DATE"
                            }
                          },
                          "Hierarchy": "Date Hierarchy"
                        }
                      },
                      "Level": "Day"
                    }
                  },
                  "howCreated": 0
                },
                {
                  "name": "24d7fb3021c1ee513855",
                  "type": "Advanced",
                  "expression": {
                    "Measure": {
                      "Expression": {
                        "SourceRef": {
                          "Entity": "CLOUD_CREDIT_USAGE"
                        }
                      },
                      "Property": "Total Credits Used"
                    }
                  },
                  "howCreated": 0
                }
              ]
            },
            "singleVisual": {
              "visualType": "lineChart",
              "objects": {},
              "activeProjections": {
                "Category": [
                  {
                    "HierarchyLevel": {
                      "Expression": {
                        "Hierarchy": {
                          "Expression": {
                            "PropertyVariationSource": {
                              "Expression": {
                                "SourceRef": {
                                  "Entity": "CLOUD_CREDIT_USAGE"
                                }
                              },
                              "Name": "Variation",
                              "Property": "START_DATE"
                            }
                          },
                          "Hierarchy": "Date Hierarchy"
                        }
                      },
                      "Level": "Year"
                    }
                  },
                  {
                    "HierarchyLevel": {
                      "Expression": {
                        "Hierarchy": {
                          "Expression": {
                            "PropertyVariationSource": {
                              "Expression": {
                                "SourceRef": {
                                  "Entity": "CLOUD_CREDIT_USAGE"
                                }
                              },
                              "Name": "Variation",
                              "Property": "START_DATE"
                            }
                          },
                          "Hierarchy": "Date Hierarchy"
                        }
                      },
                      "Level": "Quarter"
                    }
                  },
                  {
                    "HierarchyLevel": {
                      "Expression": {
                        "Hierarchy": {
                          "Expression": {
                            "PropertyVariationSource": {
                              "Expression": {
                                "SourceRef": {
                                  "Entity": "CLOUD_CREDIT_USAGE"
                                }
                              },
                              "Name": "Variation",
                              "Property": "START_DATE"
                            }
                          },
                          "Hierarchy": "Date Hierarchy"
                        }
                      },
                      "Level": "Month"
                    }
                  }
                ]
              }
            }
          }
        }
      }
    },
    "objects": {
      "merge": {
        "outspacePane": [
          {
            "properties": {
              "expanded": {
                "expr": {
                  "Literal": {
                    "Value": "false"
                  }
                }
              },
              "visible": {
                "expr": {
                  "Literal": {
                    "Value": "true"
                  }
                }
              }
            }
          }
        ]
      }
    }
  }
}