{
  "$schema": "https://developer.microsoft.com/json-schemas/fabric/item/report/definition/bookmark/2.0.0/schema.json",
  "displayName": "Consumption Info On",
  "name": "Bookmarkdd29c1b06611b3780071",
  "options": {
    "targetVisualNames": []
  },
  "explorationState": {
    "version": "1.3",
    "activeSection": "ReportSection9efc05d4dc636bef00c1",
    "sections": {
      "ReportSection9efc05d4dc636bef00c1": {
        "visualContainers": {
          "144b367b53086be7d142": {
            "singleVisual": {
              "visualType": "actionButton",
              "objects": {}
            }
          },
          "09a441c38a78b4a98d72": {
            "singleVisual": {
              "visualType": "actionButton",
              "objects": {}
            }
          },
          "c1cf719241899f97768a": {
            "singleVisual": {
              "visualType": "actionButton",
              "objects": {}
            }
          },
          "e6fbc160dc7e6a0fcdc8": {
            "filters": {
              "byExpr": [
                {
                  "name": "cff776b0a857fe454ca0",
                  "type": "Categorical",
                  "expression": {
                    "Column": {
                      "Expression": {
                        "SourceRef": {
                          "Entity": "CLOUD_QUERY_HISTORY"
                        }
                      },
                      "Property": "USER_NAME"
                    }
                  },
                  "howCreated": 0
                }
              ]
            },
            "singleVisual": {
              "visualType": "slicer",
              "objects": {
                "merge": {
                  "data": [
                    {
                      "properties": {
                        "mode": {
                          "expr": {
                            "Literal": {
                              "Value": "'Dropdown'"
                            }
                          }
                        }
                      }
                    }
                  ]
                }
              },
              "activeProjections": {
                "Values": [
                  {
                    "Column": {
                      "Expression": {
                        "SourceRef": {
                          "Entity": "CLOUD_QUERY_HISTORY"
                        }
                      },
                      "Property": "USER_NAME"
                    }
                  }
                ]
              }
            }
          },
          "28b931b2a88075e9c086": {
            "singleVisual": {
              "visualType": "textbox",
              "objects": {}
            }
          },
          "5e948d0d9d897b9242cb": {
            "singleVisual": {
              "visualType": "textbox",
              "objects": {}
            }
          },
          "ac515e14db3a98ebc18c": {
            "singleVisual": {
              "visualType": "textbox",
              "objects": {}
            }
          },
          "093f1bb7e78226a44338": {
            "singleVisual": {
              "visualType": "textbox",
              "objects": {}
            }
          },
          "5a6f0f7886300f981ea3": {
            "singleVisual": {
              "visualType": "textbox",
              "objects": {}
            }
          },
          "6c243fa4be4ff4781ea0": {
            "singleVisual": {
              "visualType": "textbox",
              "objects": {}
            }
          },
          "a9c238f5380e01950a84": {
            "singleVisual": {
              "visualType": "image",
              "objects": {}
            }
          },
          "4e100f93ec23a340d9ab": {
            "singleVisual": {
              "visualType": "card",
              "objects": {},
              "orderBy": [
                {
                  "Direction": 2,
                  "Expression": {
                    "Measure": {
                      "Expression": {
                        "SourceRef": {
                          "Entity": "CLOUD_QUERY_HISTORY"
                        }
                      },
                      "Property": "Total Warehouse"
                    }
                  }
                }
              ]
            }
          },
          "04b319c1b338f11df018": {
            "singleVisual": {
              "visualType": "card",
              "objects": {},
              "orderBy": [
                {
                  "Direction": 2,
                  "Expression": {
                    "Measure": {
                      "Expression": {
                        "SourceRef": {
                          "Entity": "CLOUD_QUERY_HISTORY"
                        }
                      },
                      "Property": "Total Queries"
                    }
                  }
                }
              ]
            }
          },
          "3ac08879681b39332bd3": {
            "singleVisual": {
              "visualType": "card",
              "objects": {},
              "orderBy": [
                {
                  "Direction": 2,
                  "Expression": {
                    "Measure": {
                      "Expression": {
                        "SourceRef": {
                          "Entity": "CLOUD_QUERY_HISTORY"
                        }
                      },
                      "Property": "Total Database"
                    }
                  }
                }
              ]
            }
          },
          "eea19d818dbdc419f57e": {
            "singleVisual": {
              "visualType": "card",
              "objects": {},
              "orderBy": [
                {
                  "Direction": 2,
                  "Expression": {
                    "Measure": {
                      "Expression": {
                        "SourceRef": {
                          "Entity": "CLOUD_QUERY_HISTORY"
                        }
                      },
                      "Property": "Total Users"
                    }
                  }
                }
              ]
            }
          },
          "9c8ec2fa4803f78a10d2": {
            "singleVisual": {
              "visualType": "card",
              "objects": {},
              "orderBy": [
                {
                  "Direction": 2,
                  "Expression": {
                    "Aggregation": {
                      "Expression": {
                        "Column": {
                          "Expression": {
                            "SourceRef": {
                              "Entity": "CLOUD_QUERY_HISTORY"
                            }
                          },
                          "Property": "Load Time"
                        }
                      },
                      "Function": 0
                    }
                  }
                }
              ]
            }
          },
          "646dd9e5647e31fcfb91": {
            "singleVisual": {
              "visualType": "shape",
              "objects": {}
            }
          },
          "3cd1c87e31c7b75bf736": {
            "singleVisual": {
              "visualType": "textbox",
              "objects": {}
            }
          },
          "a67bc0dad5d577a15e85": {
            "filters": {
              "byName": {
                "Filter070b77bb4d4819b41421": {
                  "name": "Filter070b77bb4d4819b41421",
                  "type": "TopN",
                  "filter": {
                    "Version": 2,
                    "From": [
                      {
                        "Name": "subquery",
                        "Expression": {
                          "Subquery": {
                            "Query": {
                              "Version": 2,
                              "From": [
                                {
                                  "Name": "c",
                                  "Entity": "CLOUD_QUERY_HISTORY",
                                  "Type": 0
                                }
                              ],
                              "Select": [
                                {
                                  "Column": {
                                    "Expression": {
                                      "SourceRef": {
                                        "Source": "c"
                                      }
                                    },
                                    "Property": "USER_NAME"
                                  },
                                  "Name": "field"
                                }
                              ],
                              "OrderBy": [
                                {
                                  "Direction": 2,
                                  "Expression": {
                                    "Aggregation": {
                                      "Expression": {
                                        "Column": {
                                          "Expression": {
                                            "SourceRef": {
                                              "Source": "c"
                                            }
                                          },
                                          "Property": "QUERY_ID"
                                        }
                                      },
                                      "Function": 2
                                    }
                                  }
                                }
                              ],
                              "Top": 5
                            }
                          }
                        },
                        "Type": 2
                      },
                      {
                        "Name": "c",
                        "Entity": "CLOUD_QUERY_HISTORY",
                        "Type": 0
                      }
                    ],
                    "Where": [
                      {
                        "Condition": {
                          "In": {
                            "Expressions": [
                              {
                                "Column": {
                                  "Expression": {
                                    "SourceRef": {
                                      "Source": "c"
                                    }
                                  },
                                  "Property": "USER_NAME"
                                }
                              }
                            ],
                            "Table": {
                              "SourceRef": {
                                "Source": "subquery"
                              }
                            }
                          }
                        }
                      }
                    ]
                  },
                  "expression": {
                    "Column": {
                      "Expression": {
                        "SourceRef": {
                          "Entity": "CLOUD_QUERY_HISTORY"
                        }
                      },
                      "Property": "USER_NAME"
                    }
                  },
                  "howCreated": 0
                }
              }
            },
            "singleVisual": {
              "visualType": "clusteredBarChart",
              "objects": {},
              "orderBy": [
                {
                  "Direction": 2,
                  "Expression": {
                    "Aggregation": {
                      "Expression": {
                        "Column": {
                          "Expression": {
                            "SourceRef": {
                              "Entity": "CLOUD_QUERY_HISTORY"
                            }
                          },
                          "Property": "QUERY_ID"
                        }
                      },
                      "Function": 2
                    }
                  }
                }
              ],
              "activeProjections": {
                "Category": [
                  {
                    "Column": {
                      "Expression": {
                        "SourceRef": {
                          "Entity": "CLOUD_QUERY_HISTORY"
                        }
                      },
                      "Property": "USER_NAME"
                    }
                  }
                ]
              }
            }
          },
          "40f7c848f253ef7410fc": {
            "filters": {
              "byName": {
                "Filter4c987469ca3423832553": {
                  "name": "Filter4c987469ca3423832553",
                  "type": "TopN",
                  "filter": {
                    "Version": 2,
                    "From": [
                      {
                        "Name": "subquery",
                        "Expression": {
                          "Subquery": {
                            "Query": {
                              "Version": 2,
                              "From": [
                                {
                                  "Name": "c",
                                  "Entity": "CLOUD_QUERY_HISTORY",
                                  "Type": 0
                                }
                              ],
                              "Select": [
                                {
                                  "Column": {
                                    "Expression": {
                                      "SourceRef": {
                                        "Source": "c"
                                      }
                                    },
                                    "Property": "DATABASE_NAME"
                                  },
                                  "Name": "field"
                                }
                              ],
                              "OrderBy": [
                                {
                                  "Direction": 2,
                                  "Expression": {
                                    "Measure": {
                                      "Expression": {
                                        "SourceRef": {
                                          "Source": "c"
                                        }
                                      },
                                      "Property": "Total Queries"
                                    }
                                  }
                                }
                              ],
                              "Top": 5
                            }
                          }
                        },
                        "Type": 2
                      },
                      {
                        "Name": "c",
                        "Entity": "CLOUD_QUERY_HISTORY",
                        "Type": 0
                      }
                    ],
                    "Where": [
                      {
                        "Condition": {
                          "In": {
                            "Expressions": [
                              {
                                "Column": {
                                  "Expression": {
                                    "SourceRef": {
                                      "Source": "c"
                                    }
                                  },
                                  "Property": "DATABASE_NAME"
                                }
                              }
                            ],
                            "Table": {
                              "SourceRef": {
                                "Source": "subquery"
                              }
                            }
                          }
                        }
                      }
                    ]
                  },
                  "expression": {
                    "Column": {
                      "Expression": {
                        "SourceRef": {
                          "Entity": "CLOUD_QUERY_HISTORY"
                        }
                      },
                      "Property": "DATABASE_NAME"
                    }
                  },
                  "howCreated": 0
                },
                "Filter59ba3c78d986c4616828": {
                  "name": "Filter59ba3c78d986c4616828",
                  "type": "Advanced",
                  "filter": {
                    "Version": 2,
                    "From": [
                      {
                        "Name": "c",
                        "Entity": "CLOUD_QUERY_HISTORY",
                        "Type": 0
                      }
                    ],
                    "Where": [
                      {
                        "Condition": {
                          "Not": {
                            "Expression": {
                              "Comparison": {
                                "ComparisonKind": 0,
                                "Left": {
                                  "Column": {
                                    "Expression": {
                                      "SourceRef": {
                                        "Source": "c"
                                      }
                                    },
                                    "Property": "DATABASE_NAME"
                                  }
                                },
                                "Right": {
                                  "Literal": {
                                    "Value": "null"
                                  }
                                }
                              }
                            }
                          }
                        }
                      }
                    ]
                  },
                  "expression": {
                    "Column": {
                      "Expression": {
                        "SourceRef": {
                          "Entity": "CLOUD_QUERY_HISTORY"
                        }
                      },
                      "Property": "DATABASE_NAME"
                    }
                  },
                  "howCreated": 1
                }
              },
              "byExpr": [
                {
                  "name": "b4337e8d65ff7bb16052",
                  "type": "Advanced",
                  "expression": {
                    "Measure": {
                      "Expression": {
                        "SourceRef": {
                          "Entity": "CLOUD_QUERY_HISTORY"
                        }
                      },
                      "Property": "Total Queries"
                    }
                  },
                  "howCreated": 0
                }
              ]
            },
            "singleVisual": {
              "visualType": "clusteredBarChart",
              "objects": {},
              "orderBy": [
                {
                  "Direction": 2,
                  "Expression": {
                    "Measure": {
                      "Expression": {
                        "SourceRef": {
                          "Entity": "CLOUD_QUERY_HISTORY"
                        }
                      },
                      "Property": "Total Queries"
                    }
                  }
                }
              ],
              "activeProjections": {
                "Category": [
                  {
                    "Column": {
                      "Expression": {
                        "SourceRef": {
                          "Entity": "CLOUD_QUERY_HISTORY"
                        }
                      },
                      "Property": "DATABASE_NAME"
                    }
                  }
                ]
              }
            }
          },
          "497b02638d5ae001425b": {
            "filters": {
              "byName": {
                "Filterde3afcdf040569cf49ef": {
                  "name": "Filterde3afcdf040569cf49ef",
                  "type": "Advanced",
                  "filter": {
                    "Version": 2,
                    "From": [
                      {
                        "Name": "c",
                        "Entity": "CLOUD_QUERY_HISTORY",
                        "Type": 0
                      }
                    ],
                    "Where": [
                      {
                        "Condition": {
                          "Or": {
                            "Left": {
                              "Or": {
                                "Left": {
                                  "Or": {
                                    "Left": {
                                      "Or": {
                                        "Left": {
                                          "Or": {
                                            "Left": {
                                              "Or": {
                                                "Left": {
                                                  "Or": {
                                                    "Left": {
                                                      "Or": {
                                                        "Left": {
                                                          "Or": {
                                                            "Left": {
                                                              "Or": {
                                                                "Left": {
                                                                  "Or": {
                                                                    "Left": {
                                                                      "Contains": {
                                                                        "Left": {
                                                                          "Column": {
                                                                            "Expression": {
                                                                              "SourceRef": {
                                                                                "Source": "c"
                                                                              }
                                                                            },
                                                                            "Property": "QUERY_TYPE"
                                                                          }
                                                                        },
                                                                        "Right": {
                                                                          "Literal": {
                                                                            "Value": "'ALTER'"
                                                                          }
                                                                        }
                                                                      }
                                                                    },
                                                                    "Right": {
                                                                      "Contains": {
                                                                        "Left": {
                                                                          "Column": {
                                                                            "Expression": {
                                                                              "SourceRef": {
                                                                                "Source": "c"
                                                                              }
                                                                            },
                                                                            "Property": "QUERY_TYPE"
                                                                          }
                                                                        },
                                                                        "Right": {
                                                                          "Literal": {
                                                                            "Value": "'DELETE'"
                                                                          }
                                                                        }
                                                                      }
                                                                    }
                                                                  }
                                                                },
                                                                "Right": {
                                                                  "Contains": {
                                                                    "Left": {
                                                                      "Column": {
                                                                        "Expression": {
                                                                          "SourceRef": {
                                                                            "Source": "c"
                                                                          }
                                                                        },
                                                                        "Property": "QUERY_TYPE"
                                                                      }
                                                                    },
                                                                    "Right": {
                                                                      "Literal": {
                                                                        "Value": "'DROP'"
                                                                      }
                                                                    }
                                                                  }
                                                                }
                                                              }
                                                            },
                                                            "Right": {
                                                              "Contains": {
                                                                "Left": {
                                                                  "Column": {
                                                                    "Expression": {
                                                                      "SourceRef": {
                                                                        "Source": "c"
                                                                      }
                                                                    },
                                                                    "Property": "QUERY_TYPE"
                                                                  }
                                                                },
                                                                "Right": {
                                                                  "Literal": {
                                                                    "Value": "'GRANT'"
                                                                  }
                                                                }
                                                              }
                                                            }
                                                          }
                                                        },
                                                        "Right": {
                                                          "Contains": {
                                                            "Left": {
                                                              "Column": {
                                                                "Expression": {
                                                                  "SourceRef": {
                                                                    "Source": "c"
                                                                  }
                                                                },
                                                                "Property": "QUERY_TYPE"
                                                              }
                                                            },
                                                            "Right": {
                                                              "Literal": {
                                                                "Value": "'MERGE'"
                                                              }
                                                            }
                                                          }
                                                        }
                                                      }
                                                    },
                                                    "Right": {
                                                      "Contains": {
                                                        "Left": {
                                                          "Column": {
                                                            "Expression": {
                                                              "SourceRef": {
                                                                "Source": "c"
                                                              }
                                                            },
                                                            "Property": "QUERY_TYPE"
                                                          }
                                                        },
                                                        "Right": {
                                                          "Literal": {
                                                            "Value": "'PUT'"
                                                          }
                                                        }
                                                      }
                                                    }
                                                  }
                                                },
                                                "Right": {
                                                  "Contains": {
                                                    "Left": {
                                                      "Column": {
                                                        "Expression": {
                                                          "SourceRef": {
                                                            "Source": "c"
                                                          }
                                                        },
                                                        "Property": "QUERY_TYPE"
                                                      }
                                                    },
                                                    "Right": {
                                                      "Literal": {
                                                        "Value": "'REMOVE'"
                                                      }
                                                    }
                                                  }
                                                }
                                              }
                                            },
                                            "Right": {
                                              "Contains": {
                                                "Left": {
                                                  "Column": {
                                                    "Expression": {
                                                      "SourceRef": {
                                                        "Source": "c"
                                                      }
                                                    },
                                                    "Property": "QUERY_TYPE"
                                                  }
                                                },
                                                "Right": {
                                                  "Literal": {
                                                    "Value": "'RENAME_COLUMN'"
                                                  }
                                                }
                                              }
                                            }
                                          }
                                        },
                                        "Right": {
                                          "Contains": {
                                            "Left": {
                                              "Column": {
                                                "Expression": {
                                                  "SourceRef": {
                                                    "Source": "c"
                                                  }
                                                },
                                                "Property": "QUERY_TYPE"
                                              }
                                            },
                                            "Right": {
                                              "Literal": {
                                                "Value": "'RENAME'"
                                              }
                                            }
                                          }
                                        }
                                      }
                                    },
                                    "Right": {
                                      "Contains": {
                                        "Left": {
                                          "Column": {
                                            "Expression": {
                                              "SourceRef": {
                                                "Source": "c"
                                              }
                                            },
                                            "Property": "QUERY_TYPE"
                                          }
                                        },
                                        "Right": {
                                          "Literal": {
                                            "Value": "'REVOKE'"
                                          }
                                        }
                                      }
                                    }
                                  }
                                },
                                "Right": {
                                  "Contains": {
                                    "Left": {
                                      "Column": {
                                        "Expression": {
                                          "SourceRef": {
                                            "Source": "c"
                                          }
                                        },
                                        "Property": "QUERY_TYPE"
                                      }
                                    },
                                    "Right": {
                                      "Literal": {
                                        "Value": "'ROLLBACK'"
                                      }
                                    }
                                  }
                                }
                              }
                            },
                            "Right": {
                              "Contains": {
                                "Left": {
                                  "Column": {
                                    "Expression": {
                                      "SourceRef": {
                                        "Source": "c"
                                      }
                                    },
                                    "Property": "QUERY_TYPE"
                                  }
                                },
                                "Right": {
                                  "Literal": {
                                    "Value": "'TRUNCATE'"
                                  }
                                }
                              }
                            }
                          }
                        }
                      }
                    ]
                  },
                  "expression": {
                    "Column": {
                      "Expression": {
                        "SourceRef": {
                          "Entity": "CLOUD_QUERY_HISTORY"
                        }
                      },
                      "Property": "QUERY_TYPE"
                    }
                  },
                  "howCreated": 0
                },
                "Filter2486630d52e82fcd1d11": {
                  "name": "Filter2486630d52e82fcd1d11",
                  "type": "TopN",
                  "filter": {
                    "Version": 2,
                    "From": [
                      {
                        "Name": "subquery",
                        "Expression": {
                          "Subquery": {
                            "Query": {
                              "Version": 2,
                              "From": [
                                {
                                  "Name": "c",
                                  "Entity": "CLOUD_QUERY_HISTORY",
                                  "Type": 0
                                }
                              ],
                              "Select": [
                                {
                                  "Column": {
                                    "Expression": {
                                      "SourceRef": {
                                        "Source": "c"
                                      }
                                    },
                                    "Property": "QUERY_TYPE"
                                  },
                                  "Name": "field"
                                }
                              ],
                              "OrderBy": [
                                {
                                  "Direction": 2,
                                  "Expression": {
                                    "Measure": {
                                      "Expression": {
                                        "SourceRef": {
                                          "Source": "c"
                                        }
                                      },
                                      "Property": "Total Queries"
                                    }
                                  }
                                }
                              ],
                              "Top": 10
                            }
                          }
                        },
                        "Type": 2
                      },
                      {
                        "Name": "c",
                        "Entity": "CLOUD_QUERY_HISTORY",
                        "Type": 0
                      }
                    ],
                    "Where": [
                      {
                        "Condition": {
                          "In": {
                            "Expressions": [
                              {
                                "Column": {
                                  "Expression": {
                                    "SourceRef": {
                                      "Source": "c"
                                    }
                                  },
                                  "Property": "QUERY_TYPE"
                                }
                              }
                            ],
                            "Table": {
                              "SourceRef": {
                                "Source": "subquery"
                              }
                            }
                          }
                        }
                      }
                    ]
                  },
                  "expression": {
                    "Column": {
                      "Expression": {
                        "SourceRef": {
                          "Entity": "CLOUD_QUERY_HISTORY"
                        }
                      },
                      "Property": "QUERY_TYPE"
                    }
                  },
                  "howCreated": 1
                }
              },
              "byExpr": [
                {
                  "name": "Filterc2f2aa06bb2b2a306900",
                  "type": "Advanced",
                  "expression": {
                    "Measure": {
                      "Expression": {
                        "SourceRef": {
                          "Entity": "CLOUD_QUERY_HISTORY"
                        }
                      },
                      "Property": "Total Queries"
                    }
                  },
                  "howCreated": 0
                }
              ]
            },
            "singleVisual": {
              "visualType": "clusteredBarChart",
              "objects": {},
              "orderBy": [
                {
                  "Direction": 2,
                  "Expression": {
                    "Measure": {
                      "Expression": {
                        "SourceRef": {
                          "Entity": "CLOUD_QUERY_HISTORY"
                        }
                      },
                      "Property": "Total Queries"
                    }
                  }
                }
              ],
              "activeProjections": {
                "Category": [
                  {
                    "Column": {
                      "Expression": {
                        "SourceRef": {
                          "Entity": "CLOUD_QUERY_HISTORY"
                        }
                      },
                      "Property": "QUERY_TYPE"
                    }
                  }
                ]
              }
            }
          },
          "ca571c626bae94323324": {
            "filters": {
              "byName": {
                "Filter087c550b956300003713": {
                  "name": "Filter087c550b956300003713",
                  "type": "Categorical",
                  "expression": {
                    "Column": {
                      "Expression": {
                        "SourceRef": {
                          "Entity": "JOB_RUN_LOG_SUMMARY"
                        }
                      },
                      "Property": "JOB_STATUS"
                    }
                  },
                  "howCreated": 1
                },
                "Filterb12382260684e2a2e0ea": {
                  "name": "Filterb12382260684e2a2e0ea",
                  "type": "Categorical",
                  "expression": {
                    "HierarchyLevel": {
                      "Expression": {
                        "Hierarchy": {
                          "Expression": {
                            "PropertyVariationSource": {
                              "Expression": {
                                "SourceRef": {
                                  "Entity": "JOB_RUN_LOG_SUMMARY"
                                }
                              },
                              "Name": "Variation",
                              "Property": "JOB_START_TIME"
                            }
                          },
                          "Hierarchy": "Date Hierarchy"
                        }
                      },
                      "Level": "Quarter"
                    }
                  },
                  "howCreated": 1
                },
                "Filter1251c4318b3f3efd6cc8": {
                  "name": "Filter1251c4318b3f3efd6cc8",
                  "type": "Categorical",
                  "expression": {
                    "HierarchyLevel": {
                      "Expression": {
                        "Hierarchy": {
                          "Expression": {
                            "PropertyVariationSource": {
                              "Expression": {
                                "SourceRef": {
                                  "Entity": "JOB_RUN_LOG_SUMMARY"
                                }
                              },
                              "Name": "Variation",
                              "Property": "JOB_START_TIME"
                            }
                          },
                          "Hierarchy": "Date Hierarchy"
                        }
                      },
                      "Level": "Month"
                    }
                  },
                  "howCreated": 1
                },
                "Filterf7abefeb2993f4d4aa45": {
                  "name": "Filterf7abefeb2993f4d4aa45",
                  "type": "Advanced",
                  "filter": {
                    "Version": 2,
                    "From": [
                      {
                        "Name": "c",
                        "Entity": "CLOUD_QUERY_HISTORY",
                        "Type": 0
                      }
                    ],
                    "Where": [
                      {
                        "Condition": {
                          "Not": {
                            "Expression": {
                              "Comparison": {
                                "ComparisonKind": 0,
                                "Left": {
                                  "Column": {
                                    "Expression": {
                                      "SourceRef": {
                                        "Source": "c"
                                      }
                                    },
                                    "Property": "DATABASE_NAME"
                                  }
                                },
                                "Right": {
                                  "Literal": {
                                    "Value": "null"
                                  }
                                }
                              }
                            }
                          }
                        }
                      }
                    ]
                  },
                  "expression": {
                    "Column": {
                      "Expression": {
                        "SourceRef": {
                          "Entity": "CLOUD_QUERY_HISTORY"
                        }
                      },
                      "Property": "DATABASE_NAME"
                    }
                  },
                  "howCreated": 0
                }
              }
            },
            "singleVisual": {
              "visualType": "lineChart",
              "objects": {},
              "activeProjections": {
                "Category": [
                  {
                    "HierarchyLevel": {
                      "Expression": {
                        "Hierarchy": {
                          "Expression": {
                            "PropertyVariationSource": {
                              "Expression": {
                                "SourceRef": {
                                  "Entity": "CLOUD_QUERY_HISTORY"
                                }
                              },
                              "Name": "Variation",
                              "Property": "START_TIME"
                            }
                          },
                          "Hierarchy": "Date Hierarchy"
                        }
                      },
                      "Level": "Year"
                    }
                  },
                  {
                    "HierarchyLevel": {
                      "Expression": {
                        "Hierarchy": {
                          "Expression": {
                            "PropertyVariationSource": {
                              "Expression": {
                                "SourceRef": {
                                  "Entity": "CLOUD_QUERY_HISTORY"
                                }
                              },
                              "Name": "Variation",
                              "Property": "START_TIME"
                            }
                          },
                          "Hierarchy": "Date Hierarchy"
                        }
                      },
                      "Level": "Quarter"
                    }
                  },
                  {
                    "HierarchyLevel": {
                      "Expression": {
                        "Hierarchy": {
                          "Expression": {
                            "PropertyVariationSource": {
                              "Expression": {
                                "SourceRef": {
                                  "Entity": "CLOUD_QUERY_HISTORY"
                                }
                              },
                              "Name": "Variation",
                              "Property": "START_TIME"
                            }
                          },
                          "Hierarchy": "Date Hierarchy"
                        }
                      },
                      "Level": "Month"
                    }
                  },
                  {
                    "HierarchyLevel": {
                      "Expression": {
                        "Hierarchy": {
                          "Expression": {
                            "PropertyVariationSource": {
                              "Expression": {
                                "SourceRef": {
                                  "Entity": "CLOUD_QUERY_HISTORY"
                                }
                              },
                              "Name": "Variation",
                              "Property": "START_TIME"
                            }
                          },
                          "Hierarchy": "Date Hierarchy"
                        }
                      },
                      "Level": "Day"
                    }
                  }
                ]
              }
            }
          },
          "301d3ef4c0dfe3d39cff": {
            "filters": {
              "byName": {
                "Filter78dacc916a5cbc4b7e95": {
                  "name": "Filter78dacc916a5cbc4b7e95",
                  "type": "Advanced",
                  "filter": {
                    "Version": 2,
                    "From": [
                      {
                        "Name": "c",
                        "Entity": "CLOUD_QUERY_HISTORY",
                        "Type": 0
                      }
                    ],
                    "Where": [
                      {
                        "Condition": {
                          "Not": {
                            "Expression": {
                              "Comparison": {
                                "ComparisonKind": 0,
                                "Left": {
                                  "Column": {
                                    "Expression": {
                                      "SourceRef": {
                                        "Source": "c"
                                      }
                                    },
                                    "Property": "DATABASE_NAME"
                                  }
                                },
                                "Right": {
                                  "Literal": {
                                    "Value": "null"
                                  }
                                }
                              }
                            }
                          }
                        }
                      }
                    ]
                  },
                  "expression": {
                    "Column": {
                      "Expression": {
                        "SourceRef": {
                          "Entity": "CLOUD_QUERY_HISTORY"
                        }
                      },
                      "Property": "DATABASE_NAME"
                    }
                  },
                  "howCreated": 0
                },
                "Filter6a3aebdcfda3bf5cb70b": {
                  "name": "Filter6a3aebdcfda3bf5cb70b",
                  "type": "Exclude",
                  "filter": {
                    "Version": 2,
                    "From": [
                      {
                        "Name": "c",
                        "Entity": "CLOUD_QUERY_HISTORY",
                        "Type": 0
                      }
                    ],
                    "Where": [
                      {
                        "Condition": {
                          "Not": {
                            "Expression": {
                              "In": {
                                "Expressions": [
                                  {
                                    "Column": {
                                      "Expression": {
                                        "SourceRef": {
                                          "Source": "c"
                                        }
                                      },
                                      "Property": "DATABASE_NAME"
                                    }
                                  }
                                ],
                                "Values": [
                                  [
                                    {
                                      "Literal": {
                                        "Value": "'DM_DB'"
                                      }
                                    }
                                  ]
                                ]
                              }
                            }
                          }
                        }
                      }
                    ]
                  },
                  "howCreated": 4,
                  "filterExpressionMetadata": {
                    "expressions": [
                      {
                        "Column": {
                          "Expression": {
                            "SourceRef": {
                              "Entity": "CLOUD_QUERY_HISTORY"
                            }
                          },
                          "Property": "DATABASE_NAME"
                        }
                      }
                    ],
                    "cachedValueItems": [
                      {
                        "identities": [
                          {
                            "scopeId": {
                              "Comparison": {
                                "ComparisonKind": 0,
                                "Left": {
                                  "Column": {
                                    "Expression": {
                                      "SourceRef": {
                                        "Entity": "CLOUD_QUERY_HISTORY"
                                      }
                                    },
                                    "Property": "DATABASE_NAME"
                                  }
                                },
                                "Right": {
                                  "Literal": {
                                    "Value": "'DM_DB'"
                                  }
                                }
                              }
                            }
                          }
                        ],
                        "valueMap": {
                          "0": "DM_DB"
                        }
                      }
                    ]
                  }
                }
              }
            },
            "singleVisual": {
              "visualType": "scatterChart",
              "objects": {},
              "activeProjections": {
                "X": [
                  {
                    "Measure": {
                      "Expression": {
                        "SourceRef": {
                          "Entity": "CLOUD_QUERY_HISTORY"
                        }
                      },
                      "Property": "Total Queries"
                    }
                  }
                ],
                "Category": [
                  {
                    "Column": {
                      "Expression": {
                        "SourceRef": {
                          "Entity": "CLOUD_QUERY_HISTORY"
                        }
                      },
                      "Property": "DATABASE_NAME"
                    }
                  }
                ]
              }
            }
          },
          "8a71cf2bea5b70582af2": {
            "singleVisual": {
              "visualType": "textbox",
              "objects": {}
            }
          },
          "24087030908b0a9d72a5": {
            "filters": {
              "byExpr": [
                {
                  "name": "0a42801b85133fbe27b1",
                  "type": "Categorical",
                  "expression": {
                    "Column": {
                      "Expression": {
                        "SourceRef": {
                          "Entity": "CLOUD_QUERY_HISTORY"
                        }
                      },
                      "Property": "PLATFORM_NAME"
                    }
                  },
                  "howCreated": 0
                }
              ]
            },
            "singleVisual": {
              "visualType": "slicer",
              "objects": {
                "merge": {
                  "data": [
                    {
                      "properties": {
                        "mode": {
                          "expr": {
                            "Literal": {
                              "Value": "'Dropdown'"
                            }
                          }
                        }
                      }
                    }
                  ]
                }
              },
              "activeProjections": {
                "Values": [
                  {
                    "Column": {
                      "Expression": {
                        "SourceRef": {
                          "Entity": "CLOUD_QUERY_HISTORY"
                        }
                      },
                      "Property": "PLATFORM_NAME"
                    }
                  }
                ]
              }
            }
          },
          "791122e2c82c8ca4c774": {
            "singleVisual": {
              "visualType": "textbox",
              "objects": {}
            }
          },
          "833635fe30ca202f5ecb": {
            "singleVisual": {
              "visualType": "image",
              "objects": {}
            }
          },
          "4e1503f15bc26f0c4c4b": {
            "singleVisual": {
              "visualType": "image",
              "objects": {}
            }
          },
          "3e6aaa513e5040a77d98": {
            "singleVisual": {
              "visualType": "actionButton",
              "objects": {},
              "display": {
                "mode": "hidden"
              }
            }
          },
          "87f6ada201310e0e506e": {
            "singleVisual": {
              "visualType": "actionButton",
              "objects": {}
            }
          },
          "de354d0930c356b68810": {
            "singleVisual": {
              "visualType": "shape",
              "objects": {}
            }
          },
          "51bd8b198580601e8c86": {
            "singleVisual": {
              "visualType": "shape",
              "objects": {}
            }
          },
          "cdbb804d047694d2b9b0": {
            "singleVisual": {
              "visualType": "shape",
              "objects": {}
            }
          },
          "2d9e3767686a052b70db": {
            "singleVisual": {
              "visualType": "shape",
              "objects": {}
            }
          },
          "cc766b133d79ed470750": {
            "singleVisual": {
              "visualType": "shape",
              "objects": {}
            }
          },
          "f9e259e00bdd9007d930": {
            "singleVisual": {
              "visualType": "shape",
              "objects": {}
            }
          },
          "2ee22240c07c01361b2c": {
            "singleVisual": {
              "visualType": "shape",
              "objects": {}
            }
          },
          "4df9ced1864940d03872": {
            "singleVisual": {
              "visualType": "actionButton",
              "objects": {}
            }
          }
        }
      }
    },
    "objects": {
      "merge": {
        "outspacePane": [
          {
            "properties": {
              "expanded": {
                "expr": {
                  "Literal": {
                    "Value": "false"
                  }
                }
              },
              "visible": {
                "expr": {
                  "Literal": {
                    "Value": "true"
                  }
                }
              }
            }
          }
        ]
      }
    }
  }
}