{
  "$schema": "https://developer.microsoft.com/json-schemas/fabric/item/report/definition/bookmark/2.0.0/schema.json",
  "displayName": "Figma Quality Observability",
  "name": "Bookmark29b19f191621c2033c79",
  "options": {
    "targetVisualNames": []
  },
  "explorationState": {
    "version": "1.3",
    "activeSection": "ReportSection6afb7cc2a3e9c5045114",
    "sections": {
      "ReportSection6afb7cc2a3e9c5045114": {
        "filters": {
          "byExpr": [
            {
              "name": "Filter28d99e5344f8e19b02ef",
              "type": "Categorical",
              "expression": {
                "Column": {
                  "Expression": {
                    "SourceRef": {
                      "Entity": "VW_DQ_RESULT_SUMMARY"
                    }
                  },
                  "Property": "RULE_CATEGORY"
                }
              },
              "howCreated": 1
            }
          ]
        },
        "visualContainers": {
          "d9d1d521f0caae2255e4": {
            "singleVisual": {
              "visualType": "actionButton",
              "objects": {}
            }
          },
          "ad73d9162c858077787c": {
            "singleVisual": {
              "visualType": "actionButton",
              "objects": {}
            }
          },
          "4b17ee8a79c2eddb0817": {
            "singleVisual": {
              "visualType": "actionButton",
              "objects": {}
            }
          },
          "022f44763eaf61207b72": {
            "filters": {
              "byExpr": [
                {
                  "name": "cc50735c8aa8600f1e39",
                  "type": "Categorical",
                  "expression": {
                    "Column": {
                      "Expression": {
                        "SourceRef": {
                          "Entity": "VW_DQ_RESULT_SUMMARY"
                        }
                      },
                      "Property": "PLATFORM_NAME"
                    }
                  },
                  "howCreated": 0
                }
              ]
            },
            "singleVisual": {
              "visualType": "slicer",
              "objects": {
                "merge": {
                  "data": [
                    {
                      "properties": {
                        "mode": {
                          "expr": {
                            "Literal": {
                              "Value": "'Dropdown'"
                            }
                          }
                        }
                      }
                    }
                  ]
                }
              },
              "activeProjections": {
                "Values": [
                  {
                    "Column": {
                      "Expression": {
                        "SourceRef": {
                          "Entity": "VW_DQ_RESULT_SUMMARY"
                        }
                      },
                      "Property": "PLATFORM_NAME"
                    }
                  }
                ]
              }
            }
          },
          "d48735cb52ab07072fb0": {
            "singleVisual": {
              "visualType": "textbox",
              "objects": {}
            }
          },
          "626fe5bfd28d20cd05e0": {
            "singleVisual": {
              "visualType": "textbox",
              "objects": {}
            }
          },
          "6f958eead62713abd6ba": {
            "filters": {
              "byExpr": [
                {
                  "name": "e7dc4fd29e56953a6f0b",
                  "type": "Advanced",
                  "expression": {
                    "Measure": {
                      "Expression": {
                        "SourceRef": {
                          "Entity": "VW_DQ_RESULT_SUMMARY"
                        }
                      },
                      "Property": "Completeness Rate %"
                    }
                  },
                  "howCreated": 0
                }
              ]
            },
            "singleVisual": {
              "visualType": "gauge",
              "objects": {},
              "orderBy": [
                {
                  "Direction": 2,
                  "Expression": {
                    "Measure": {
                      "Expression": {
                        "SourceRef": {
                          "Entity": "VW_DQ_RESULT_SUMMARY"
                        }
                      },
                      "Property": "Completeness Rate %"
                    }
                  }
                }
              ]
            }
          },
          "77a3d3905e93e28b53cd": {
            "filters": {
              "byExpr": [
                {
                  "name": "141a25291f1bc40f33f5",
                  "type": "Advanced",
                  "expression": {
                    "Measure": {
                      "Expression": {
                        "SourceRef": {
                          "Entity": "VW_DQ_RESULT_SUMMARY"
                        }
                      },
                      "Property": "Accuracy Rate %"
                    }
                  },
                  "howCreated": 0
                }
              ]
            },
            "singleVisual": {
              "visualType": "gauge",
              "objects": {},
              "orderBy": [
                {
                  "Direction": 2,
                  "Expression": {
                    "Measure": {
                      "Expression": {
                        "SourceRef": {
                          "Entity": "VW_DQ_RESULT_SUMMARY"
                        }
                      },
                      "Property": "Accuracy Rate %"
                    }
                  }
                }
              ]
            }
          },
          "839c0c71109ce629996e": {
            "filters": {
              "byExpr": [
                {
                  "name": "98e000af117da52d63d4",
                  "type": "Advanced",
                  "expression": {
                    "Measure": {
                      "Expression": {
                        "SourceRef": {
                          "Entity": "VW_DQ_RESULT_SUMMARY"
                        }
                      },
                      "Property": "Uniqueness Rate %"
                    }
                  },
                  "howCreated": 0
                }
              ]
            },
            "singleVisual": {
              "visualType": "gauge",
              "objects": {},
              "orderBy": [
                {
                  "Direction": 2,
                  "Expression": {
                    "Measure": {
                      "Expression": {
                        "SourceRef": {
                          "Entity": "VW_DQ_RESULT_SUMMARY"
                        }
                      },
                      "Property": "Uniqueness Rate %"
                    }
                  }
                }
              ]
            }
          },
          "8fc113cbeaf96823765d": {
            "filters": {
              "byExpr": [
                {
                  "name": "96ba80a09ec8b8d475be",
                  "type": "Categorical",
                  "expression": {
                    "Column": {
                      "Expression": {
                        "SourceRef": {
                          "Entity": "VW_DQ_RESULT_SUMMARY"
                        }
                      },
                      "Property": "Table Name"
                    }
                  },
                  "howCreated": 0
                },
                {
                  "name": "86603eb61a6987a441a1",
                  "type": "Advanced",
                  "expression": {
                    "Aggregation": {
                      "Expression": {
                        "Column": {
                          "Expression": {
                            "SourceRef": {
                              "Entity": "VW_DQ_RESULT_SUMMARY"
                            }
                          },
                          "Property": "PASS_RECORD_COUNT"
                        }
                      },
                      "Function": 0
                    }
                  },
                  "howCreated": 0
                },
                {
                  "name": "5983b73419b64c3af05a",
                  "type": "Advanced",
                  "expression": {
                    "Aggregation": {
                      "Expression": {
                        "Column": {
                          "Expression": {
                            "SourceRef": {
                              "Entity": "VW_DQ_RESULT_SUMMARY"
                            }
                          },
                          "Property": "FAILED_RECORD_COUNT"
                        }
                      },
                      "Function": 0
                    }
                  },
                  "howCreated": 0
                },
                {
                  "name": "49e365bf42397d60e85c",
                  "type": "Advanced",
                  "expression": {
                    "Measure": {
                      "Expression": {
                        "SourceRef": {
                          "Entity": "VW_DQ_RESULT_SUMMARY"
                        }
                      },
                      "Property": "DQ Score"
                    }
                  },
                  "howCreated": 0
                }
              ]
            },
            "singleVisual": {
              "visualType": "tableEx",
              "objects": {},
              "orderBy": [
                {
                  "Direction": 2,
                  "Expression": {
                    "Aggregation": {
                      "Expression": {
                        "Column": {
                          "Expression": {
                            "SourceRef": {
                              "Entity": "VW_DQ_RESULT_SUMMARY"
                            }
                          },
                          "Property": "PASS_RECORD_COUNT"
                        }
                      },
                      "Function": 0
                    }
                  }
                }
              ]
            }
          },
          "803e519877d3366cfbb2": {
            "filters": {
              "byExpr": [
                {
                  "name": "ea9a9c29aac6b45db407",
                  "type": "Advanced",
                  "expression": {
                    "Measure": {
                      "Expression": {
                        "SourceRef": {
                          "Entity": "VW_DQ_RESULT_SUMMARY"
                        }
                      },
                      "Property": "DQ Score"
                    }
                  },
                  "howCreated": 0
                },
                {
                  "name": "b982a857321de6bc524a",
                  "type": "Advanced",
                  "expression": {
                    "HierarchyLevel": {
                      "Expression": {
                        "Hierarchy": {
                          "Expression": {
                            "PropertyVariationSource": {
                              "Expression": {
                                "SourceRef": {
                                  "Entity": "VW_DQ_RESULT_SUMMARY"
                                }
                              },
                              "Name": "Variation",
                              "Property": "DQ_RUN_DATE"
                            }
                          },
                          "Hierarchy": "Date Hierarchy"
                        }
                      },
                      "Level": "Year"
                    }
                  },
                  "howCreated": 0
                },
                {
                  "name": "9cffb45337eb1649ace4",
                  "type": "Categorical",
                  "expression": {
                    "HierarchyLevel": {
                      "Expression": {
                        "Hierarchy": {
                          "Expression": {
                            "PropertyVariationSource": {
                              "Expression": {
                                "SourceRef": {
                                  "Entity": "VW_DQ_RESULT_SUMMARY"
                                }
                              },
                              "Name": "Variation",
                              "Property": "DQ_RUN_DATE"
                            }
                          },
                          "Hierarchy": "Date Hierarchy"
                        }
                      },
                      "Level": "Quarter"
                    }
                  },
                  "howCreated": 0
                },
                {
                  "name": "a4283d477e5485890f68",
                  "type": "Categorical",
                  "expression": {
                    "HierarchyLevel": {
                      "Expression": {
                        "Hierarchy": {
                          "Expression": {
                            "PropertyVariationSource": {
                              "Expression": {
                                "SourceRef": {
                                  "Entity": "VW_DQ_RESULT_SUMMARY"
                                }
                              },
                              "Name": "Variation",
                              "Property": "DQ_RUN_DATE"
                            }
                          },
                          "Hierarchy": "Date Hierarchy"
                        }
                      },
                      "Level": "Month"
                    }
                  },
                  "howCreated": 0
                },
                {
                  "name": "9fcfe68058ff3a1e580f",
                  "type": "Advanced",
                  "expression": {
                    "HierarchyLevel": {
                      "Expression": {
                        "Hierarchy": {
                          "Expression": {
                            "PropertyVariationSource": {
                              "Expression": {
                                "SourceRef": {
                                  "Entity": "VW_DQ_RESULT_SUMMARY"
                                }
                              },
                              "Name": "Variation",
                              "Property": "DQ_RUN_DATE"
                            }
                          },
                          "Hierarchy": "Date Hierarchy"
                        }
                      },
                      "Level": "Day"
                    }
                  },
                  "howCreated": 0
                },
                {
                  "name": "0108fff984d5147b7cc8",
                  "type": "Advanced",
                  "expression": {
                    "Measure": {
                      "Expression": {
                        "SourceRef": {
                          "Entity": "VW_DQ_RESULT_SUMMARY"
                        }
                      },
                      "Property": "Accuracy Rate %"
                    }
                  },
                  "howCreated": 0
                }
              ]
            },
            "singleVisual": {
              "visualType": "lineChart",
              "objects": {},
              "activeProjections": {
                "Category": [
                  {
                    "HierarchyLevel": {
                      "Expression": {
                        "Hierarchy": {
                          "Expression": {
                            "PropertyVariationSource": {
                              "Expression": {
                                "SourceRef": {
                                  "Entity": "VW_DQ_RESULT_SUMMARY"
                                }
                              },
                              "Name": "Variation",
                              "Property": "DQ_RUN_DATE"
                            }
                          },
                          "Hierarchy": "Date Hierarchy"
                        }
                      },
                      "Level": "Year"
                    }
                  },
                  {
                    "HierarchyLevel": {
                      "Expression": {
                        "Hierarchy": {
                          "Expression": {
                            "PropertyVariationSource": {
                              "Expression": {
                                "SourceRef": {
                                  "Entity": "VW_DQ_RESULT_SUMMARY"
                                }
                              },
                              "Name": "Variation",
                              "Property": "DQ_RUN_DATE"
                            }
                          },
                          "Hierarchy": "Date Hierarchy"
                        }
                      },
                      "Level": "Quarter"
                    }
                  },
                  {
                    "HierarchyLevel": {
                      "Expression": {
                        "Hierarchy": {
                          "Expression": {
                            "PropertyVariationSource": {
                              "Expression": {
                                "SourceRef": {
                                  "Entity": "VW_DQ_RESULT_SUMMARY"
                                }
                              },
                              "Name": "Variation",
                              "Property": "DQ_RUN_DATE"
                            }
                          },
                          "Hierarchy": "Date Hierarchy"
                        }
                      },
                      "Level": "Month"
                    }
                  },
                  {
                    "HierarchyLevel": {
                      "Expression": {
                        "Hierarchy": {
                          "Expression": {
                            "PropertyVariationSource": {
                              "Expression": {
                                "SourceRef": {
                                  "Entity": "VW_DQ_RESULT_SUMMARY"
                                }
                              },
                              "Name": "Variation",
                              "Property": "DQ_RUN_DATE"
                            }
                          },
                          "Hierarchy": "Date Hierarchy"
                        }
                      },
                      "Level": "Day"
                    }
                  }
                ]
              }
            }
          },
          "b0a7e92b380b8bca0db0": {
            "singleVisual": {
              "visualType": "textbox",
              "objects": {}
            }
          },
          "452c9c4ff46268cfc2bd": {
            "filters": {
              "byExpr": [
                {
                  "name": "a0ce6503130609821ab2",
                  "type": "Advanced",
                  "expression": {
                    "Measure": {
                      "Expression": {
                        "SourceRef": {
                          "Entity": "VW_DQ_RESULT_SUMMARY"
                        }
                      },
                      "Property": "Total Records"
                    }
                  },
                  "howCreated": 0
                }
              ]
            },
            "singleVisual": {
              "visualType": "card",
              "objects": {},
              "orderBy": [
                {
                  "Direction": 2,
                  "Expression": {
                    "Measure": {
                      "Expression": {
                        "SourceRef": {
                          "Entity": "VW_DQ_RESULT_SUMMARY"
                        }
                      },
                      "Property": "Total Records"
                    }
                  }
                }
              ]
            }
          },
          "ec4aea19b961b4fd22af": {
            "filters": {
              "byExpr": [
                {
                  "name": "f657aeb4b307758f2eb8",
                  "type": "Advanced",
                  "expression": {
                    "Measure": {
                      "Expression": {
                        "SourceRef": {
                          "Entity": "VW_DQ_RESULT_SUMMARY"
                        }
                      },
                      "Property": "Total Records Pass"
                    }
                  },
                  "howCreated": 0
                }
              ]
            },
            "singleVisual": {
              "visualType": "card",
              "objects": {},
              "orderBy": [
                {
                  "Direction": 2,
                  "Expression": {
                    "Measure": {
                      "Expression": {
                        "SourceRef": {
                          "Entity": "VW_DQ_RESULT_SUMMARY"
                        }
                      },
                      "Property": "Total Records Pass"
                    }
                  }
                }
              ]
            }
          },
          "e4265fefefb6634ae2a1": {
            "filters": {
              "byExpr": [
                {
                  "name": "b51bf014da1e1ea872e0",
                  "type": "Advanced",
                  "expression": {
                    "Measure": {
                      "Expression": {
                        "SourceRef": {
                          "Entity": "VW_DQ_RESULT_SUMMARY"
                        }
                      },
                      "Property": "Total Failed Tables"
                    }
                  },
                  "howCreated": 0
                }
              ]
            },
            "singleVisual": {
              "visualType": "card",
              "objects": {},
              "orderBy": [
                {
                  "Direction": 2,
                  "Expression": {
                    "Measure": {
                      "Expression": {
                        "SourceRef": {
                          "Entity": "VW_DQ_RESULT_SUMMARY"
                        }
                      },
                      "Property": "Total Failed Tables"
                    }
                  }
                }
              ]
            }
          },
          "c7c072de851c63ef43fa": {
            "filters": {
              "byExpr": [
                {
                  "name": "24e029dfef6608b3a790",
                  "type": "Advanced",
                  "expression": {
                    "Measure": {
                      "Expression": {
                        "SourceRef": {
                          "Entity": "VW_DQ_RESULT_SUMMARY"
                        }
                      },
                      "Property": "DQ Score"
                    }
                  },
                  "howCreated": 0
                }
              ]
            },
            "singleVisual": {
              "visualType": "gauge",
              "objects": {},
              "orderBy": [
                {
                  "Direction": 2,
                  "Expression": {
                    "Measure": {
                      "Expression": {
                        "SourceRef": {
                          "Entity": "VW_DQ_RESULT_SUMMARY"
                        }
                      },
                      "Property": "DQ Score"
                    }
                  }
                }
              ]
            }
          },
          "6bff4e2e8bd57583bf6a": {
            "singleVisual": {
              "visualType": "image",
              "objects": {}
            }
          },
          "b4408de82d0036b99b3b": {
            "singleVisual": {
              "visualType": "image",
              "objects": {}
            }
          },
          "433959f9e1924e0fe6fa": {
            "singleVisual": {
              "visualType": "image",
              "objects": {}
            }
          }
        }
      }
    },
    "objects": {
      "merge": {
        "outspacePane": [
          {
            "properties": {
              "expanded": {
                "expr": {
                  "Literal": {
                    "Value": "false"
                  }
                }
              }
            }
          }
        ]
      }
    }
  }
}