{
  "$schema": "https://developer.microsoft.com/json-schemas/fabric/item/report/definition/bookmark/2.0.0/schema.json",
  "displayName": "Bookmark 2",
  "name": "Bookmark80f247245be10b0749ae",
  "options": {
    "applyOnlyToTargetVisuals": true,
    "targetVisualNames": [
      "c1b73074d200a594c7ae"
    ]
  },
  "explorationState": {
    "version": "1.3",
    "activeSection": "ReportSection87c76ccb093b78500b75",
    "sections": {
      "ReportSection87c76ccb093b78500b75": {
        "visualContainers": {}
      }
    },
    "objects": {
      "merge": {
        "outspacePane": [
          {
            "properties": {
              "expanded": {
                "expr": {
                  "Literal": {
                    "Value": "false"
                  }
                }
              }
            }
          }
        ]
      }
    }
  }
}