{
  "$schema": "https://developer.microsoft.com/json-schemas/fabric/item/report/definition/bookmarksMetadata/1.0.0/schema.json",
  "items": [
    {
      "name": "Bookmarkbe0dbba86d38cad9d10f"
    },
    {
      "name": "Bookmark80f247245be10b0749ae"
    },
    {
      "name": "Bookmark121c83050ed409ec9050"
    },
    {
      "name": "Bookmark29b19f191621c2033c79"
    },
    {
      "name": "Bookmarkfa3ddfa408455d163b79"
    },
    {
      "name": "Bookmark8ed810257ae0eb96c479"
    },
    {
      "name": "Bookmark73246f45b64bcc1448ca"
    },
    {
      "name": "Bookmark428914d87a8abb7d5836"
    },
    {
      "name": "Bookmarkdd29c1b06611b3780071"
    },
    {
      "name": "Bookmark353adc4874126310db03"
    },
    {
      "name": "Bookmark1d9dab4f8ad489a9be43"
    },
    {
      "name": "Bookmark9d959d69335882c00343"
    }
  ]
}