{
  "$schema": "https://developer.microsoft.com/json-schemas/fabric/item/report/definition/bookmark/2.0.0/schema.json",
  "displayName": "ACCURACY",
  "name": "Bookmarkbe0dbba86d38cad9d10f",
  "options": {
    "targetVisualNames": [
      "1fb16dac9e1d53465508"
    ]
  },
  "explorationState": {
    "version": "1.3",
    "activeSection": "ReportSection236bbc32ef7bdd2979c9",
    "sections": {
      "ReportSection236bbc32ef7bdd2979c9": {
        "visualContainers": {}
      }
    },
    "objects": {
      "merge": {
        "outspacePane": [
          {
            "properties": {
              "expanded": {
                "expr": {
                  "Literal": {
                    "Value": "false"
                  }
                }
              }
            }
          }
        ]
      }
    }
  }
}