{
  "$schema": "https://developer.microsoft.com/json-schemas/fabric/item/report/definition/page/2.0.0/schema.json",
  "name": "ReportSectionae897aa76f52c4c123d5",
  "displayName": "Category Details",
  "displayOption": "FitToPage",
  "height": 720,
  "width": 1280,
  "filterConfig": {
    "filters": [
      {
        "name": "Filterd2093ce7ab1f8cf775e0",
        "field": {
          "Column": {
            "Expression": {
              "SourceRef": {
                "Entity": "VW_DQ_RESULT_SUMMARY"
              }
            },
            "Property": "RULE_CATEGORY"
          }
        },
        "type": "Categorical",
        "filter": {
          "Version": 2,
          "From": [
            {
              "Name": "v",
              "Entity": "VW_DQ_RESULT_SUMMARY",
              "Type": 0
            }
          ],
          "Where": [
            {
              "Condition": {
                "In": {
                  "Expressions": [
                    {
                      "Column": {
                        "Expression": {
                          "SourceRef": {
                            "Source": "v"
                          }
                        },
                        "Property": "RULE_CATEGORY"
                      }
                    }
                  ],
                  "Values": [
                    [
                      {
                        "Literal": {
                          "Value": "'Completeness'"
                        }
                      }
                    ]
                  ]
                }
              }
            }
          ]
        },
        "howCreated": "Drillthrough"
      }
    ]
  },
  "pageBinding": {
    "name": "Pod5",
    "type": "Drillthrough",
    "parameters": [
      {
        "name": "Param_Filterd2093ce7ab1f8cf775e0",
        "boundFilter": "Filterd2093ce7ab1f8cf775e0",
        "fieldExpr": {
          "Column": {
            "Expression": {
              "SourceRef": {
                "Entity": "VW_DQ_RESULT_SUMMARY"
              }
            },
            "Property": "RULE_CATEGORY"
          }
        }
      }
    ]
  },
  "visibility": "HiddenInViewMode"
}