{
  "$schema": "https://developer.microsoft.com/json-schemas/fabric/item/report/definition/visualContainer/2.5.0/schema.json",
  "name": "dca04fc0084a34331c88",
  "position": {
    "x": 254.08743965261485,
    "y": 148.03355179761039,
    "z": 0,
    "height": 410.95881543814227,
    "width": 541.31671925991861,
    "tabOrder": 0
  },
  "visual": {
    "visualType": "ribbonChart",
    "query": {
      "queryState": {
        "Category": {
          "projections": [
            {
              "field": {
                "Column": {
                  "Expression": {
                    "SourceRef": {
                      "Entity": "CLOUD_CREDIT_USAGE"
                    }
                  },
                  "Property": "WAREHOUSE_NAME"
                }
              },
              "queryRef": "CLOUD_CREDIT_USAGE.WAREHOUSE_NAME",
              "nativeQueryRef": "WAREHOUSE_NAME",
              "active": true
            }
          ]
        },
        "Tooltips": {
          "projections": [
            {
              "field": {
                "Aggregation": {
                  "Expression": {
                    "Column": {
                      "Expression": {
                        "SourceRef": {
                          "Entity": "CLOUD_CREDIT_USAGE"
                        }
                      },
                      "Property": "START_DATE"
                    }
                  },
                  "Function": 3
                }
              },
              "queryRef": "Min(CLOUD_CREDIT_USAGE.START_DATE)",
              "nativeQueryRef": "Earliest START_DATE"
            },
            {
              "field": {
                "Measure": {
                  "Expression": {
                    "SourceRef": {
                      "Entity": "CLOUD_CREDIT_USAGE"
                    }
                  },
                  "Property": "BOTTOM RANKING ON DATE"
                }
              },
              "queryRef": "CLOUD_CREDIT_USAGE.BOTTOM RANKING ON DATE",
              "nativeQueryRef": "BOTTOM RANKING ON DATE"
            }
          ]
        },
        "Y": {
          "projections": [
            {
              "field": {
                "Measure": {
                  "Expression": {
                    "SourceRef": {
                      "Entity": "CLOUD_CREDIT_USAGE"
                    }
                  },
                  "Property": "Cloude Service cost"
                }
              },
              "queryRef": "CLOUD_CREDIT_USAGE.Cloude Service cost",
              "nativeQueryRef": "Cloude Service cost"
            }
          ]
        }
      },
      "sortDefinition": {
        "sort": [
          {
            "field": {
              "Measure": {
                "Expression": {
                  "SourceRef": {
                    "Entity": "CLOUD_CREDIT_USAGE"
                  }
                },
                "Property": "Cloude Service cost"
              }
            },
            "direction": "Descending"
          }
        ],
        "isDefaultSort": true
      }
    },
    "visualContainerObjects": {
      "title": [
        {
          "properties": {
            "text": {
              "expr": {
                "Literal": {
                  "Value": "'hIDDEN'"
                }
              }
            }
          }
        }
      ]
    },
    "drillFilterOtherVisuals": true
  },
  "filterConfig": {
    "filters": [
      {
        "name": "1ec8e30cc09d40e280a0",
        "field": {
          "Aggregation": {
            "Expression": {
              "Column": {
                "Expression": {
                  "SourceRef": {
                    "Entity": "CLOUD_CREDIT_USAGE"
                  }
                },
                "Property": "Average Load Time"
              }
            },
            "Function": 0
          }
        },
        "type": "Advanced",
        "howCreated": "User",
        "isHiddenInViewMode": true
      }
    ]
  },
  "isHidden": true
}