{
  "version": "1.1.0",
  "diagrams": [
    {
      "ordinal": 0,
      "scrollPosition": {
        "x": 1795.3333740234375,
        "y": 162
      },
      "nodes": [
        {
          "location": {
            "x": 1704.7661000293876,
            "y": 16.422348979922475
          },
          "nodeIndex": "CLOUD_CREDIT_USAGE",
          "nodeLineageTag": "6edfaae1-e774-4b8c-8746-f7b1c40c2120",
          "size": {
            "height": 300,
            "width": 234
          },
          "zIndex": 4
        },
        {
          "location": {
            "x": 578.38305001469382,
            "y": -10
          },
          "nodeIndex": "CLOUD_QUERY_HISTORY",
          "nodeLineageTag": "a56c8ac2-92d8-46e7-b731-00f46d81e2f9",
          "size": {
            "height": 300,
            "width": 234
          },
          "zIndex": 12
        },
        {
          "location": {
            "x": 10,
            "y": 19.985110779597875
          },
          "nodeIndex": "CLOUD_USER_CONSUMPTION",
          "nodeLineageTag": "8a3c6047-0fce-4e30-96d6-844a97125f07",
          "size": {
            "height": 300,
            "width": 234
          },
          "zIndex": 5
        },
        {
          "location": {
            "x": 1988.7661000293876,
            "y": 30.422348979922475
          },
          "nodeIndex": "DATE_DIM",
          "nodeLineageTag": "d1c314b4-a15d-46cf-b0a7-c0f369bc1ea0",
          "size": {
            "height": 272,
            "width": 234
          },
          "zIndex": 6
        },
        {
          "location": {
            "x": 1430.7661000293876,
            "y": -10
          },
          "nodeIndex": "JOB_RUN_LOG_DETAIL",
          "nodeLineageTag": "2e462884-8123-4973-8e8b-fc976b081780",
          "size": {
            "height": 300,
            "width": 234
          },
          "zIndex": 7
        },
        {
          "location": {
            "x": 862.38305001469382,
            "y": 19.985110779597875
          },
          "nodeIndex": "JOB_RUN_LOG_SUMMARY",
          "nodeLineageTag": "3a7d6634-dd2a-4e2f-a1e6-ab2ca6c4a52a",
          "size": {
            "height": 300,
            "width": 234
          },
          "zIndex": 8
        },
        {
          "location": {
            "x": 1146.5846112078791,
            "y": 22.844697959845064
          },
          "nodeIndex": "JOB_SCHEDULES",
          "nodeLineageTag": "1800b3ae-7126-492f-96af-61122ec28b58",
          "size": {
            "height": 300,
            "width": 234
          },
          "zIndex": 9
        },
        {
          "location": {
            "x": 294.20156119318534,
            "y": 22.844697959845064
          },
          "nodeIndex": "USERS",
          "nodeLineageTag": "ae972286-3d95-44b0-a01f-9af8162d4f60",
          "size": {
            "height": 300,
            "width": 234
          },
          "zIndex": 10
        },
        {
          "location": {
            "x": 2244.7661000293874,
            "y": 342
          },
          "nodeIndex": "VW_DQ_RESULT_DETAIL",
          "nodeLineageTag": "837fe50f-a90d-4d42-be97-ff0dafb20a4f",
          "size": {
            "height": 300,
            "width": 234
          },
          "zIndex": 11
        },
        {
          "location": {
            "x": 2329.7661000293874,
            "y": 19.422348979922504
          },
          "nodeIndex": "VW_DQ_RESULT_SUMMARY",
          "nodeLineageTag": "cb1287c2-6f45-41f2-90c6-75e5d4853218",
          "size": {
            "height": 300,
            "width": 234
          },
          "zIndex": 2
        },
        {
          "location": {
            "x": 2708.7661000293874,
            "y": 7.422348979922532
          },
          "nodeIndex": "DQ_RULES",
          "nodeLineageTag": "cd8e0599-7f12-4072-9e70-ee9cee93d93e",
          "size": {
            "height": 300,
            "width": 234
          },
          "zIndex": 3
        },
        {
          "location": {
            "x": 2982.7661000293874,
            "y": 176
          },
          "nodeIndex": "Query",
          "nodeLineageTag": "8255aca6-6aca-4ee9-9e07-44365c1d1e4e",
          "size": {
            "height": 300,
            "width": 234
          },
          "zIndex": 0
        }
      ],
      "name": "All tables",
      "zoomValue": 100,
      "pinKeyFieldsToTop": false,
      "showExtraHeaderInfo": false,
      "hideKeyFieldsWhenCollapsed": false,
      "tablesLocked": false
    }
  ],
  "selectedDiagram": "All tables",
  "defaultDiagram": "All tables"
}