{
  "$schema": "https://developer.microsoft.com/json-schemas/fabric/item/report/definition/visualContainer/2.5.0/schema.json",
  "name": "839c0c71109ce629996e",
  "position": {
    "x": 1078.7,
    "y": 74.06,
    "z": 9000,
    "height": 185.15,
    "width": 201.25000000000003,
    "tabOrder": 9000
  },
  "visual": {
    "visualType": "gauge",
    "query": {
      "queryState": {
        "Y": {
          "projections": [
            {
              "field": {
                "Measure": {
                  "Expression": {
                    "SourceRef": {
                      "Entity": "VW_DQ_RESULT_SUMMARY"
                    }
                  },
                  "Property": "Uniqueness Rate %"
                }
              },
              "queryRef": "VW_DQ_RESULT_SUMMARY.UNIQUENESS_RATE_M",
              "nativeQueryRef": "Uniqueness",
              "displayName": "Uniqueness"
            }
          ]
        }
      },
      "sortDefinition": {
        "sort": [
          {
            "field": {
              "Measure": {
                "Expression": {
                  "SourceRef": {
                    "Entity": "VW_DQ_RESULT_SUMMARY"
                  }
                },
                "Property": "Uniqueness Rate %"
              }
            },
            "direction": "Descending"
          }
        ],
        "isDefaultSort": true
      }
    },
    "objects": {
      "dataPoint": [
        {
          "properties": {
            "fill": {
              "solid": {
                "color": {
                  "expr": {
                    "Conditional": {
                      "Cases": [
                        {
                          "Condition": {
                            "And": {
                              "Left": {
                                "Comparison": {
                                  "ComparisonKind": 2,
                                  "Left": {
                                    "Measure": {
                                      "Expression": {
                                        "SourceRef": {
                                          "Entity": "VW_DQ_RESULT_SUMMARY"
                                        }
                                      },
                                      "Property": "Uniqueness Rate %"
                                    }
                                  },
                                  "Right": {
                                    "Literal": {
                                      "Value": "0.95D"
                                    }
                                  }
                                }
                              },
                              "Right": {
                                "Comparison": {
                                  "ComparisonKind": 3,
                                  "Left": {
                                    "Measure": {
                                      "Expression": {
                                        "SourceRef": {
                                          "Entity": "VW_DQ_RESULT_SUMMARY"
                                        }
                                      },
                                      "Property": "Uniqueness Rate %"
                                    }
                                  },
                                  "Right": {
                                    "Literal": {
                                      "Value": "100D"
                                    }
                                  }
                                }
                              }
                            }
                          },
                          "Value": {
                            "Literal": {
                              "Value": "'#64C374'"
                            }
                          }
                        },
                        {
                          "Condition": {
                            "And": {
                              "Left": {
                                "Comparison": {
                                  "ComparisonKind": 2,
                                  "Left": {
                                    "Measure": {
                                      "Expression": {
                                        "SourceRef": {
                                          "Entity": "VW_DQ_RESULT_SUMMARY"
                                        }
                                      },
                                      "Property": "Uniqueness Rate %"
                                    }
                                  },
                                  "Right": {
                                    "Literal": {
                                      "Value": "0.7D"
                                    }
                                  }
                                }
                              },
                              "Right": {
                                "Comparison": {
                                  "ComparisonKind": 3,
                                  "Left": {
                                    "Measure": {
                                      "Expression": {
                                        "SourceRef": {
                                          "Entity": "VW_DQ_RESULT_SUMMARY"
                                        }
                                      },
                                      "Property": "Uniqueness Rate %"
                                    }
                                  },
                                  "Right": {
                                    "Literal": {
                                      "Value": "0.95D"
                                    }
                                  }
                                }
                              }
                            }
                          },
                          "Value": {
                            "Literal": {
                              "Value": "'#f79a7e'"
                            }
                          }
                        },
                        {
                          "Condition": {
                            "And": {
                              "Left": {
                                "Comparison": {
                                  "ComparisonKind": 2,
                                  "Left": {
                                    "Measure": {
                                      "Expression": {
                                        "SourceRef": {
                                          "Entity": "VW_DQ_RESULT_SUMMARY"
                                        }
                                      },
                                      "Property": "Uniqueness Rate %"
                                    }
                                  },
                                  "Right": {
                                    "Literal": {
                                      "Value": "0D"
                                    }
                                  }
                                }
                              },
                              "Right": {
                                "Comparison": {
                                  "ComparisonKind": 3,
                                  "Left": {
                                    "Measure": {
                                      "Expression": {
                                        "SourceRef": {
                                          "Entity": "VW_DQ_RESULT_SUMMARY"
                                        }
                                      },
                                      "Property": "Uniqueness Rate %"
                                    }
                                  },
                                  "Right": {
                                    "Literal": {
                                      "Value": "0.7D"
                                    }
                                  }
                                }
                              }
                            }
                          },
                          "Value": {
                            "Literal": {
                              "Value": "'#F15628'"
                            }
                          }
                        }
                      ]
                    }
                  }
                }
              }
            }
          }
        }
      ],
      "labels": [
        {
          "properties": {
            "fontSize": {
              "expr": {
                "Literal": {
                  "Value": "12D"
                }
              }
            },
            "color": {
              "solid": {
                "color": {
                  "expr": {
                    "ThemeDataColor": {
                      "ColorId": 1,
                      "Percent": 0
                    }
                  }
                }
              }
            }
          }
        }
      ],
      "calloutValue": [
        {
          "properties": {
            "color": {
              "solid": {
                "color": {
                  "expr": {
                    "ThemeDataColor": {
                      "ColorId": 1,
                      "Percent": 0
                    }
                  }
                }
              }
            }
          }
        }
      ],
      "target": [
        {
          "properties": {
            "color": {
              "solid": {
                "color": {
                  "expr": {
                    "ThemeDataColor": {
                      "ColorId": 1,
                      "Percent": 0
                    }
                  }
                }
              }
            }
          }
        }
      ]
    },
    "visualContainerObjects": {
      "title": [
        {
          "properties": {
            "alignment": {
              "expr": {
                "Literal": {
                  "Value": "'center'"
                }
              }
            }
          }
        }
      ],
      "padding": [
        {
          "properties": {
            "top": {
              "expr": {
                "Literal": {
                  "Value": "5D"
                }
              }
            }
          }
        }
      ]
    },
    "drillFilterOtherVisuals": true
  },
  "filterConfig": {
    "filters": [
      {
        "name": "Filterd091069732b73dec247e",
        "field": {
          "Measure": {
            "Expression": {
              "SourceRef": {
                "Entity": "VW_DQ_RESULT_SUMMARY"
              }
            },
            "Property": "Uniqueness Rate %"
          }
        },
        "type": "Advanced",
        "isHiddenInViewMode": true
      }
    ]
  }
}