{
  "$schema": "https://developer.microsoft.com/json-schemas/fabric/item/report/definition/visualContainer/2.5.0/schema.json",
  "name": "b4408de82d0036b99b3b",
  "position": {
    "x": 456.12777777777774,
    "y": 366.76073205962433,
    "z": 18000,
    "height": 25.396825396825395,
    "width": 30.158730158730158,
    "tabOrder": 18000
  },
  "visual": {
    "visualType": "image",
    "objects": {
      "general": [
        {
          "properties": {
            "imageUrl": {
              "expr": {
                "ResourcePackageItem": {
                  "PackageName": "RegisteredResources",
                  "PackageType": 1,
                  "ItemName": "icons8-fail-5007789541230565655.png"
                }
              }
            }
          }
        }
      ]
    },
    "drillFilterOtherVisuals": true
  },
  "howCreated": "InsertVisualButton"
}